PLAYER_ID,POSITION,SEASON
76001,F,2022-23
76002,C,2022-23
76003,C,2022-23
51,G,2022-23
1505,F-G,2022-23
949,F,2022-23
76005,F,2022-23
76006,G,2022-23
76007,F,2022-23
203518,G,2022-23
1630173,F,2022-23
101165,G,2022-23
76008,G,2022-23
76009,C,2022-23
76010,F,2022-23
1643411,G,2022-23
203112,F,2022-23
76011,C,2022-23
76012,F,2022-23
200801,F,2022-23
1629121,G,2022-23
203919,G,2022-23
149,G,2022-23
203500,C,2022-23
912,F,2022-23
1628389,C-F,2022-23
1629061,F,2022-23
76015,G,2022-23
202399,F,2022-23
201167,G,2022-23
1630534,G,2022-23
200772,F-G,2022-23
76016,F,2022-23
201336,G,2022-23
76017,G,2022-23
201582,C,2022-23
76018,C,2022-23
203006,G,2022-23
1629152,G,2022-23
202374,C,2022-23
76019,F,2022-23
76020,C,2022-23
1630583,F-C,2022-23
203128,F-C,2022-23
202332,C,2022-23
200746,C-F,2022-23
76021,C,2022-23
1626146,F,2022-23
724,G,2022-23
2042,G,2022-23
76022,F,2022-23
201570,F,2022-23
1629734,F-C,2022-23
1641725,G,2022-23
1630234,G,2022-23
2349,F,2022-23
1629638,G,2022-23
76024,G,2022-23
1628959,G,2022-23
76028,F,2022-23
1628960,G,2022-23
1628386,C,2022-23
706,G,2022-23
1628443,G,2022-23
202730,F-C,2022-23
76027,G,2022-23
2124,F,2022-23
76025,F,2022-23
951,G,2022-23
1641851,F,2022-23
2754,G-F,2022-23
76029,F,2022-23
200984,C,2022-23
76030,F,2022-23
201165,G,2022-23
308,F,2022-23
1747,G,2022-23
1824,C,2022-23
1630631,G,2022-23
680,F-C,2022-23
732,F,2022-23
1643417,F,2022-23
202329,F,2022-23
200811,F,2022-23
76034,F,2022-23
2365,F-C,2022-23
2431,C,2022-23
101187,F-G,2022-23
202079,G,2022-23
1643515,G,2022-23
76035,G,2022-23
76036,G,2022-23
1507,G,2022-23
76037,G,2022-23
944,F,2022-23
246,C-F,2022-23
202341,G-F,2022-23
76040,G,2022-23
1626147,F-G,2022-23
72,G,2022-23
76041,F,2022-23
203937,F-G,2022-23
76042,G,2022-23
76043,F,2022-23
98,F-G,2022-23
76045,F,2022-23
76046,F,2022-23
201583,F,2022-23
1000,G-F,2022-23
335,G-F,2022-23
76048,C,2022-23
101149,C,2022-23
76049,F,2022-23
1628387,C-F,2022-23
76050,F,2022-23
1512,C,2022-23
1630828,F,2022-23
203507,F,2022-23
1628961,F,2022-23
203648,F,2022-23
2546,F,2022-23
1630175,G,2022-23
21,G,2022-23
201202,C,2022-23
203544,F-C,2022-23
1628384,F-G,2022-23
203951,G,2022-23
2737,C,2022-23
76053,F,2022-23
76054,G,2022-23
2425,F,2022-23
1627853,G,2022-23
76055,C,2022-23
2240,G,2022-23
2772,F,2022-23
76056,F,2022-23
76057,F,2022-23
769,G,2022-23
76061,C,2022-23
2220,G,2022-23
353,G,2022-23
200756,F-C,2022-23
76060,G,2022-23
1642379,G,2022-23
76059,G,2022-23
76062,F,2022-23
76063,G,2022-23
76064,F,2022-23
2306,G,2022-23
201589,F,2022-23
76065,G,2022-23
1628503,G,2022-23
201600,C,2022-23
355,F,2022-23
173,F-G,2022-23
76068,G,2022-23
76069,G,2022-23
1088,G,2022-23
76070,G,2022-23
76071,G,2022-23
278,F-G,2022-23
201571,G,2022-23
200788,F,2022-23
1134,C,2022-23
76073,G,2022-23
76074,F,2022-23
1630166,F,2022-23
138,C,2022-23
76076,G,2022-23
1895,G,2022-23
76078,C,2022-23
1630555,G,2022-23
202970,F-C,2022-23
201965,F-C,2022-23
1629028,C,2022-23
101235,G,2022-23
1628962,C-F,2022-23
203569,G,2022-23
202337,F,2022-23
76079,C,2022-23
76080,F,2022-23
1628407,G-F,2022-23
1630641,C,2022-23
76081,F,2022-23
2053,C,2022-23
76082,G,2022-23
1630542,F,2022-23
1628963,F,2022-23
1642846,F,2022-23
1641735,G,2022-23
76084,C,2022-23
76083,G,2022-23
76085,F,2022-23
1847,F,2022-23
1753,G,2022-23
203946,F-C,2022-23
1858,G,2022-23
2486,G,2022-23
76089,G,2022-23
1627758,G,2022-23
452,F,2022-23
1642380,G,2022-23
1627735,G,2022-23
1631116,F,2022-23
200764,F,2022-23
76090,F,2022-23
1630163,G,2022-23
1628366,G,2022-23
76091,F,2022-23
76092,F,2022-23
1628964,C,2022-23
1631094,F,2022-23
1630217,G,2022-23
76093,F,2022-23
2556,G,2022-23
76094,F,2022-23
76095,F,2022-23
1630625,F,2022-23
1627760,G,2022-23
76096,F,2022-23
2571,G,2022-23
76097,G,2022-23
200826,G,2022-23
200745,C-F,2022-23
76098,G,2022-23
76099,C,2022-23
787,F,2022-23
2057,G,2022-23
76102,F,2022-23
1631230,F,2022-23
203084,F,2022-23
76103,F,2022-23
76105,C,2022-23
76104,F,2022-23
2440,F,2022-23
1630567,F-G,2022-23
76107,G,2022-23
76106,G,2022-23
76108,G,2022-23
76109,G,2022-23
1642964,G,2022-23
76110,F,2022-23
76111,F,2022-23
76112,G,2022-23
76113,G,2022-23
2857,G,2022-23
76114,G,2022-23
1629628,F-G,2022-23
2853,F-C,2022-23
344,G,2022-23
699,G,2022-23
1003,G,2022-23
468,G,2022-23
600013,F,2022-23
76117,F,2022-23
76118,C,2022-23
203115,G,2022-23
101188,G,2022-23
76119,F,2022-23
101138,F,2022-23
1628238,F,2022-23
76120,F,2022-23
1629646,C-F,2022-23
1766,F,2022-23
2370,C,2022-23
76121,G,2022-23
1641734,F,2022-23
1628966,F,2022-23
101212,F-C,2022-23
2471,F,2022-23
1499,C,2022-23
2203,F,2022-23
1642419,F,2022-23
174,G,2022-23
76123,G,2022-23
76124,C,2022-23
201587,G-F,2022-23
1641878,G,2022-23
76125,F,2022-23
76126,G,2022-23
2437,F,2022-23
201573,G,2022-23
76127,F,2022-23
203382,C-F,2022-23
76128,G,2022-23
203145,G-F,2022-23
1629647,F,2022-23
76129,F,2022-23
203078,G,2022-23
76130,G,2022-23
76131,G,2022-23
2602,F,2022-23
1627736,G,2022-23
201563,F,2022-23
76133,C,2022-23
201958,G,2022-23
1630699,F,2022-23
76134,C,2022-23
1133,G,2022-23
76136,G,2022-23
76137,,2022-23
76138,C,2022-23
1641736,G,2022-23
76139,C,2022-23
76140,F,2022-23
76141,C,2022-23
201158,G,2022-23
2294,G,2022-23
76142,F,2022-23
1628395,F,2022-23
1952,G,2022-23
2559,G,2022-23
76143,G,2022-23
76144,C,2022-23
1627761,G-F,2022-23
76145,F,2022-23
76146,G,2022-23
1627733,F,2022-23
1886,F,2022-23
203968,,2022-23
104,C,2022-23
1736,G,2022-23
203461,F,2022-23
1120,G,2022-23
712,C-F,2022-23
76151,F,2022-23
76148,G,2022-23
76152,G,2022-23
128,F,2022-23
202728,F-C,2022-23
76154,C,2022-23
1627791,F,2022-23
76155,G,2022-23
76156,C,2022-23
1642866,F,2022-23
1631262,G,2022-23
76157,F,2022-23
76158,F,2022-23
1629541,G,2022-23
202722,F,2022-23
76159,G,2022-23
696,G,2022-23
201976,G,2022-23
1630180,G-F,2022-23
1630189,F,2022-23
204021,C,2022-23
76160,G,2022-23
76161,G,2022-23
76162,G,2022-23
1710,G,2022-23
76163,G,2022-23
2740,C,2022-23
76164,C,2022-23
76165,F,2022-23
1497,G,2022-23
1643548,F,2022-23
76166,G,2022-23
76167,F,2022-23
203920,C,2022-23
1628444,G,2022-23
76168,F,2022-23
1449,F,2022-23
76170,G,2022-23
76171,F,2022-23
1629048,C-F,2022-23
1641931,F,2022-23
202687,C,2022-23
202357,F,2022-23
76172,C,2022-23
1641710,G,2022-23
76173,F,2022-23
1641778,F,2022-23
76174,G,2022-23
204028,F-C,2022-23
76175,C,2022-23
76176,G,2022-23
76180,F,2022-23
76177,F,2022-23
1806,G,2022-23
76179,G,2022-23
201971,C-F,2022-23
2581,G,2022-23
202392,F,2022-23
1628469,G,2022-23
200807,G,2022-23
76182,G,2022-23
76183,G,2022-23
76184,F,2022-23
101154,C-F,2022-23
302,G,2022-23
202339,G,2022-23
1629833,G,2022-23
76186,G,2022-23
76187,F,2022-23
76188,C,2022-23
1628417,F,2022-23
916,F-C,2022-23
1548,C-F,2022-23
203505,G,2022-23
1629129,G-F,2022-23
76189,G,2022-23
76190,G,2022-23
2800,G,2022-23
76191,G,2022-23
1631205,F,2022-23
76192,C,2022-23
2586,G-F,2022-23
202711,F,2022-23
203992,G,2022-23
177,G,2022-23
101106,C,2022-23
1564,F,2022-23
1629626,C-F,2022-23
76195,C,2022-23
1628413,F,2022-23
1629716,C,2022-23
76196,F,2022-23
1630195,F,2022-23
1627762,F,2022-23
76197,G,2022-23
76203,F,2022-23
1641737,F,2022-23
76198,G,2022-23
1603,G,2022-23
1629648,G,2022-23
1121,G,2022-23
1629067,G,2022-23
76201,F,2022-23
41,F,2022-23
2588,C-F,2022-23
1626164,G,2022-23
511,G,2022-23
202344,F,2022-23
200767,F-C,2022-23
76204,G,2022-23
1916,C,2022-23
1522,F,2022-23
76206,F,2022-23
1643409,F,2022-23
2430,F,2022-23
2414,C,2022-23
76207,F,2022-23
1953,F,2022-23
76209,C,2022-23
76210,F,2022-23
2547,F,2022-23
76211,F,2022-23
1630527,G,2022-23
76212,F,2022-23
76213,F,2022-23
1628449,F,2022-23
1630547,G,2022-23
2257,C,2022-23
1631123,G,2022-23
76214,F,2022-23
1898,F,2022-23
1477,F,2022-23
1763,F,2022-23
1628968,F-G,2022-23
194,G,2022-23
76217,C,2022-23
1085,G,2022-23
1629065,G,2022-23
76219,C,2022-23
671,G,2022-23
76221,G,2022-23
76222,G,2022-23
76223,F,2022-23
1863,G,2022-23
76224,C,2022-23
76225,G,2022-23
200841,G,2022-23
76226,G,2022-23
202342,F,2022-23
76227,F,2022-23
76228,F,2022-23
76229,F,2022-23
202340,G,2022-23
76233,F,2022-23
76230,G,2022-23
76231,G,2022-23
1643558,G,2022-23
76232,G,2022-23
2214,F,2022-23
762,C,2022-23
1628396,C-F,2022-23
1361,C,2022-23
66,F,2022-23
1765,F,2022-23
1920,C,2022-23
76237,F,2022-23
1882,F,2022-23
210,G,2022-23
1631103,F,2022-23
76238,F,2022-23
76239,F,2022-23
76240,F,2022-23
1629714,F,2022-23
76241,G,2022-23
76242,G,2022-23
76243,G,2022-23
1631128,G,2022-23
1629649,F,2022-23
1642350,F,2022-23
1642886,G,2022-23
160,F,2022-23
2452,G,2022-23
76245,F,2022-23
76246,F,2022-23
76247,C,2022-23
201147,G-F,2022-23
2249,G,2022-23
76248,F,2022-23
76249,G,2022-23
200758,F,2022-23
2056,C,2022-23
76250,G,2022-23
783,C-F,2022-23
76252,F,2022-23
76253,F,2022-23
1641779,F,2022-23
1628969,G-F,2022-23
1628970,F,2022-23
76254,F,2022-23
1628578,C,2022-23
76255,F,2022-23
1628515,G,2022-23
76256,F,2022-23
1629052,F-G,2022-23
76257,F,2022-23
76258,G,2022-23
76259,G,2022-23
76260,C,2022-23
76261,G,2022-23
1631167,G,2022-23
201972,F,2022-23
1629151,G-F,2022-23
76262,G,2022-23
1627763,G,2022-23
76263,G,2022-23
76264,F,2022-23
201166,G,2022-23
1629717,G,2022-23
1628415,G-F,2022-23
76265,F,2022-23
202705,G-F,2022-23
76266,F,2022-23
418,G,2022-23
1631232,F,2022-23
1641780,F,2022-23
2810,F,2022-23
1626148,F-G,2022-23
76284,F,2022-23
201628,G,2022-23
1628971,G-F,2022-23
359,F,2022-23
2245,G,2022-23
1642468,G,2022-23
76270,F,2022-23
244,G,2022-23
200793,G,2022-23
201974,F,2022-23
2484,G,2022-23
2081,C,2022-23
76272,G,2022-23
76273,F,2022-23
1871,G,2022-23
76275,G,2022-23
203913,G,2022-23
1627759,G-F,2022-23
76276,F,2022-23
2208,G-F,2022-23
1631112,G,2022-23
1641738,F,2022-23
2198,C,2022-23
76278,F,2022-23
76279,C,2022-23
203485,G,2022-23
1643576,F,2022-23
992,G,2022-23
203900,G,2022-23
1479,C-F,2022-23
1629650,C,2022-23
76277,F,2022-23
136,F-C,2022-23
753,G,2022-23
76282,F,2022-23
76283,C,2022-23
76286,C,2022-23
200769,G,2022-23
76285,F,2022-23
1628425,G-F,2022-23
2357,G,2022-23
76268,F,2022-23
1630535,F,2022-23
1629718,G,2022-23
1630602,F,2022-23
1643414,G,2022-23
1628972,G-F,2022-23
76287,C,2022-23
76288,F,2022-23
1628973,G,2022-23
1594,G,2022-23
1627852,F,2022-23
1642868,F,2022-23
1629091,G,2022-23
76289,G,2022-23
76290,F,2022-23
977,F-G,2022-23
95,F,2022-23
1628418,C-F,2022-23
76291,C,2022-23
76292,F,2022-23
1629783,G,2022-23
76293,F,2022-23
76294,F,2022-23
76295,F,2022-23
1761,G,2022-23
76296,G,2022-23
76297,F,2022-23
201978,F,2022-23
76298,F,2022-23
146,G-F,2022-23
1641723,G,2022-23
1934,F-G,2022-23
672,F,2022-23
203493,G-F,2022-23
76300,F,2022-23
76301,G,2022-23
76302,C,2022-23
76303,G,2022-23
2469,C-F,2022-23
203504,G,2022-23
76304,G,2022-23
202692,G,2022-23
2766,G,2022-23
101207,G,2022-23
76305,C,2022-23
76306,G,2022-23
76307,G,2022-23
76308,F,2022-23
76309,G,2022-23
197,G,2022-23
1643415,G,2022-23
76311,F,2022-23
675,F,2022-23
76313,C,2022-23
1629126,G-F,2022-23
76314,F,2022-23
1631174,F,2022-23
416,F,2022-23
76316,G,2022-23
76317,G,2022-23
202221,C,2022-23
76318,G,2022-23
76319,G,2022-23
2406,F,2022-23
202364,F,2022-23
76320,C,2022-23
2866,C,2022-23
1630215,G,2022-23
348,G,2022-23
2446,F,2022-23
202710,F,2022-23
1631219,F,2022-23
202779,G,2022-23
1641824,F,2022-23
201182,G-F,2022-23
101115,C,2022-23
101198,G,2022-23
76321,F,2022-23
76322,G,2022-23
76323,F,2022-23
2560,F-C,2022-23
76324,F,2022-23
203998,F,2022-23
1629719,F,2022-23
679,F,2022-23
262,F-C,2022-23
1631288,F,2022-23
76326,G,2022-23
201979,G,2022-23
101181,G,2022-23
154,F,2022-23
76328,C,2022-23
76329,F,2022-23
203484,G,2022-23
76331,F,2022-23
76330,F,2022-23
76332,G,2022-23
76333,G,2022-23
76334,G,2022-23
76335,G,2022-23
76336,G,2022-23
1641739,F,2022-23
76337,F,2022-23
948,C-F,2022-23
1630267,G,2022-23
922,C-F,2022-23
76338,F,2022-23
203477,G,2022-23
1629962,G,2022-23
76339,G,2022-23
203991,C,2022-23
202382,F,2022-23
2073,F,2022-23
1642928,C,2022-23
1630176,C,2022-23
76340,G,2022-23
76341,F,2022-23
2367,G,2022-23
76342,G,2022-23
76343,C,2022-23
1642382,C,2022-23
76344,G,2022-23
76345,C,2022-23
200760,F,2022-23
76346,F,2022-23
156,F,2022-23
76348,G,2022-23
1643418,G,2022-23
713,G,2022-23
1757,G,2022-23
76350,F,2022-23
76351,F,2022-23
76352,G,2022-23
1642267,G,2022-23
201960,F,2022-23
76353,C,2022-23
2679,G,2022-23
1131,F,2022-23
1853,G,2022-23
76355,G,2022-23
1642269,G,2022-23
76356,G,2022-23
76357,F,2022-23
76358,G,2022-23
76359,,2022-23
1628975,G,2022-23
2466,G,2022-23
76360,G,2022-23
76361,G,2022-23
1713,G-F,2022-23
1628976,C-F,2022-23
203487,G,2022-23
1630618,G,2022-23
76362,C,2022-23
76363,F,2022-23
1627936,G,2022-23
76364,F,2022-23
208,G,2022-23
201956,F,2022-23
1642264,G,2022-23
1630658,C,2022-23
76365,C,2022-23
767,F,2022-23
76367,F,2022-23
1509,C,2022-23
76368,F,2022-23
1626161,C,2022-23
1628505,G,2022-23
190,C,2022-23
1628463,F,2022-23
76370,C,2022-23
1629958,G,2022-23
1630608,G,2022-23
76,F,2022-23
1911,G,2022-23
1643416,F,2022-23
76373,G,2022-23
2763,G,2022-23
201596,G,2022-23
76374,F,2022-23
76375,C,2022-23
76376,F,2022-23
1472,F,2022-23
1630577,F,2022-23
1630551,G-F,2022-23
76378,F,2022-23
1631113,G,2022-23
2199,C,2022-23
201163,F,2022-23
76379,G,2022-23
76380,,2022-23
364,G,2022-23
76382,F,2022-23
76383,G,2022-23
76384,F,2022-23
1629147,G,2022-23
384,G-F,2022-23
1629597,F,2022-23
76385,G,2022-23
76386,G,2022-23
203805,,2022-23
76387,F,2022-23
432,F,2022-23
2735,F,2022-23
719,G,2022-23
164,G,2022-23
1629185,G,2022-23
76391,F,2022-23
1642279,C,2022-23
76392,C,2022-23
1627737,F,2022-23
76393,G,2022-23
76394,F,2022-23
76395,C,2022-23
1642353,G,2022-23
57,G-F,2022-23
1631108,G,2022-23
202091,G,2022-23
1626176,F,2022-23
203902,G,2022-23
1630528,G,2022-23
203565,,2022-23
928,F,2022-23
1630619,C,2022-23
1631321,G,2022-23
76397,G,2022-23
76398,G,2022-23
201947,F,2022-23
1629109,F,2022-23
203546,G,2022-23
1641740,G,2022-23
1721,C-F,2022-23
1629634,F,2022-23
1626262,F,2022-23
203903,G,2022-23
1628492,G,2022-23
201964,F,2022-23
1127,C,2022-23
1629651,C,2022-23
2049,G,2022-23
1642383,G,2022-23
76402,G,2022-23
2043,G,2022-23
76403,F,2022-23
1629598,G,2022-23
1628499,G,2022-23
1642363,G,2022-23
76404,C,2022-23
1642270,C,2022-23
76406,F,2022-23
1569,C,2022-23
1641730,F-C,2022-23
76407,,2022-23
76408,C,2022-23
76409,F,2022-23
1629599,G-F,2022-23
76410,G,2022-23
76411,G,2022-23
715,C,2022-23
202708,G,2022-23
76412,F,2022-23
934,C-F,2022-23
76413,F,2022-23
76414,F,2022-23
76415,F,2022-23
902,G,2022-23
1642268,G,2022-23
2044,C,2022-23
76416,G,2022-23
76418,G,2022-23
76421,G,2022-23
1530,G,2022-23
2260,C,2022-23
2215,C,2022-23
76419,G,2022-23
1628381,F-C,2022-23
200776,G,2022-23
202395,G,2022-23
1641879,G,2022-23
1628380,F-C,2022-23
1627858,G,2022-23
201954,G,2022-23
2555,F-C,2022-23
76422,F,2022-23
1629045,F,2022-23
2173,G,2022-23
306,G,2022-23
1628435,C,2022-23
76425,F,2022-23
76426,C,2022-23
76427,G,2022-23
76428,C,2022-23
201144,G,2022-23
76429,F,2022-23
55,F,2022-23
1626192,G,2022-23
76431,G,2022-23
76432,F,2022-23
101215,G,2022-23
1643553,G,2022-23
76433,F,2022-23
76434,G,2022-23
76438,G,2022-23
2567,C-F,2022-23
201161,G,2022-23
76435,G,2022-23
76436,F,2022-23
76437,F,2022-23
2241,G,2022-23
1626188,G,2022-23
1629076,F,2022-23
1628429,G,2022-23
76439,F,2022-23
1631451,G,2022-23
76440,G,2022-23
1641645,F,2022-23
204022,C-F,2022-23
76442,F,2022-23
1030,G,2022-23
76443,C,2022-23
76444,G,2022-23
1630536,G,2022-23
76441,C,2022-23
76446,F,2022-23
203142,F,2022-23
76447,F,2022-23
76448,F,2022-23
895,F,2022-23
76450,G,2022-23
76451,,2022-23
76452,G,2022-23
1627822,F,2022-23
76453,C,2022-23
76454,G,2022-23
1627856,F-C,2022-23
203955,G,2022-23
76456,F,2022-23
1526,G,2022-23
76457,F,2022-23
1641731,G,2022-23
1641741,G,2022-23
76458,C,2022-23
76459,G,2022-23
1432,F,2022-23
202408,F,2022-23
202326,C,2022-23
600003,G,2022-23
203496,F,2022-23
1642907,G,2022-23
76462,C,2022-23
76463,G,2022-23
76464,G,2022-23
76465,F,2022-23
203459,G-F,2022-23
1628470,F,2022-23
1544,F,2022-23
76466,G,2022-23
1642384,F,2022-23
2037,G,2022-23
201621,G,2022-23
202348,G,2022-23
1628249,F-G,2022-23
76468,F,2022-23
76469,C,2022-23
76470,F,2022-23
2343,G,2022-23
76471,G,2022-23
76472,F,2022-23
201159,G,2022-23
76473,F,2022-23
76474,C,2022-23
76475,G,2022-23
1506,F,2022-23
76476,F,2022-23
76477,C,2022-23
76478,C,2022-23
76479,G,2022-23
180,G,2022-23
76481,F,2022-23
76482,F,2022-23
203109,F,2022-23
1630622,G,2022-23
1643018,G,2022-23
1642385,F,2022-23
1629633,G-F,2022-23
1629600,G,2022-23
76483,C,2022-23
187,F,2022-23
1907,G,2022-23
76487,F,2022-23
1630595,G,2022-23
201967,F,2022-23
76485,C,2022-23
203099,G,2022-23
1061,C,2022-23
76488,C,2022-23
76489,F,2022-23
940,F,2022-23
223,F,2022-23
76492,G,2022-23
209,G-F,2022-23
2201,C,2022-23
201191,G,2022-23
688,F-G,2022-23
203552,G,2022-23
201939,G,2022-23
687,C,2022-23
76505,G,2022-23
1642359,F,2022-23
76496,F,2022-23
76497,G,2022-23
2223,C,2022-23
76498,F,2022-23
956,C,2022-23
76499,G,2022-23
76500,F,2022-23
1498,G,2022-23
1630700,G,2022-23
2845,F,2022-23
1380,G,2022-23
2605,F,2022-23
76502,C,2022-23
203584,G,2022-23
390,G,2022-23
1642368,C,2022-23
76504,F,2022-23
76506,C,2022-23
76507,G,2022-23
212,C-F,2022-23
76509,G,2022-23
1630268,G,2022-23
76511,G,2022-23
203540,F,2022-23
921,C,2022-23
1600,F,2022-23
201176,F,2022-23
76514,G,2022-23
203561,F,2022-23
203076,F-C,2022-23
213,F-C,2022-23
76515,G,2022-23
1884,G,2022-23
989,F,2022-23
76538,F,2022-23
76533,F,2022-23
76516,G,2022-23
76517,F,2022-23
76518,F,2022-23
76519,G,2022-23
905,C-F,2022-23
1627738,C-F,2022-23
76521,F,2022-23
202334,C-F,2022-23
76522,F,2022-23
1023,G,2022-23
201175,F-C,2022-23
76523,F,2022-23
93,G,2022-23
76524,C,2022-23
76525,C,2022-23
76526,G,2022-23
1631098,G,2022-23
2668,F,2022-23
707,G-F,2022-23
76528,F,2022-23
76529,F,2022-23
76530,F,2022-23
76531,G,2022-23
76520,F,2022-23
200781,C,2022-23
76532,G,2022-23
1729,F-G,2022-23
76534,G,2022-23
1629056,G,2022-23
426,C-F,2022-23
1629093,C,2022-23
76536,C,2022-23
1453,G,2022-23
1631120,G,2022-23
203958,G,2022-23
76539,C,2022-23
1008,G,2022-23
76541,F,2022-23
1626183,F,2022-23
201286,F,2022-23
76542,F,2022-23
103,G-F,2022-23
201948,F,2022-23
76543,F,2022-23
1630620,F,2022-23
201986,G,2022-23
1643547,G,2022-23
76545,F,2022-23
692,C,2022-23
1629602,C,2022-23
76551,C,2022-23
201942,G-F,2022-23
76562,F,2022-23
76544,G,2022-23
1630466,F,2022-23
203473,C,2022-23
76546,F,2022-23
143,G,2022-23
76548,,2022-23
1626214,G,2022-23
1626155,F,2022-23
219,G,2022-23
1627098,G,2022-23
183,C-F,2022-23
2568,G-F,2022-23
1629116,C,2022-23
960,G,2022-23
203521,G,2022-23
76552,F,2022-23
76553,F,2022-23
725,G,2022-23
76555,G,2022-23
2736,F,2022-23
76556,F,2022-23
76557,G,2022-23
1641926,G,2022-23
1642484,G,2022-23
202458,G,2022-23
76558,C,2022-23
76559,G,2022-23
1629094,F,2022-23
76560,G,2022-23
76561,G,2022-23
76568,G,2022-23
1628978,G,2022-23
1631217,F,2022-23
1629603,F,2022-23
1760,G,2022-23
1627767,F-C,2022-23
1628977,G,2022-23
2564,C-F,2022-23
1642885,F,2022-23
200821,F-G,2022-23
200799,G,2022-23
1641711,G-F,2022-23
2424,G,2022-23
2079,F,2022-23
76563,G,2022-23
1722,G,2022-23
76564,F,2022-23
76565,G,2022-23
1630621,C,2022-23
101143,G,2022-23
203476,C,2022-23
1631172,F,2022-23
76566,C,2022-23
76567,C,2022-23
76569,G,2022-23
76570,F,2022-23
1642265,G,2022-23
76571,F,2022-23
76574,G,2022-23
76575,F,2022-23
76576,F,2022-23
203915,G,2022-23
101113,F,2022-23
2205,C,2022-23
76577,F,2022-23
76578,G,2022-23
124,C,2022-23
2413,G,2022-23
1059,G,2022-23
76580,F,2022-23
1720,C,2022-23
76581,G,2022-23
76582,F,2022-23
76583,C,2022-23
76584,G,2022-23
76586,G,2022-23
76585,G,2022-23
1629029,F-G,2022-23
2039,G,2022-23
76587,F,2022-23
201595,C-F,2022-23
1628416,G,2022-23
1629652,G,2022-23
1630245,G,2022-23
1628422,G,2022-23
1629653,G,2022-23
200763,G,2022-23
76588,G,2022-23
76589,G,2022-23
76590,C,2022-23
428,G,2022-23
201962,G,2022-23
201604,G,2022-23
1629635,F,2022-23
76592,F,2022-23
202220,G,2022-23
76593,C,2022-23
76594,C,2022-23
1630288,G,2022-23
76595,F,2022-23
1628495,G,2022-23
1628408,G-F,2022-23
76596,F,2022-23
201609,G,2022-23
204054,G-F,2022-23
1068,C,2022-23
1630929,F,2022-23
1724,G,2022-23
76598,F,2022-23
76599,G,2022-23
203580,G,2022-23
17,G,2022-23
1041,G-F,2022-23
76603,F,2022-23
1542,C,2022-23
76604,C,2022-23
203083,C,2022-23
76623,G,2022-23
1630537,G,2022-23
1642505,G,2022-23
76605,G,2022-23
404,C,2022-23
76607,G,2022-23
201,C,2022-23
201162,F,2022-23
76608,G,2022-23
76609,F,2022-23
76610,G,2022-23
2768,G,2022-23
1626251,F,2022-23
1630561,G,2022-23
76611,C,2022-23
247,G,2022-23
30,F,2022-23
434,G,2022-23
76615,F,2022-23
1495,C-F,2022-23
2399,G-F,2022-23
76616,G,2022-23
1627739,G,2022-23
76617,G,2022-23
1642346,F,2022-23
76618,G,2022-23
2648,F,2022-23
201142,F,2022-23
1631105,C,2022-23
76619,G,2022-23
1090,F,2022-23
76621,F,2022-23
76622,F,2022-23
1628979,G,2022-23
76624,F,2022-23
1643407,F,2022-23
76625,F,2022-23
76626,F,2022-23
202406,G,2022-23
1642856,G,2022-23
289,G,2022-23
76628,C,2022-23
768,F-C,2022-23
76630,F,2022-23
203921,F,2022-23
1631106,F,2022-23
76631,C,2022-23
76632,G,2022-23
202365,F,2022-23
76633,G,2022-23
76634,F,2022-23
2569,F,2022-23
1630693,C,2022-23
204067,G-F,2022-23
76635,C,2022-23
76636,F,2022-23
76637,F,2022-23
1641744,C,2022-23
1642845,G,2022-23
76638,G,2022-23
721,G,2022-23
1630162,G,2022-23
76646,F,2022-23
898,G-F,2022-23
1629035,G,2022-23
2451,F,2022-23
346,F,2022-23
76641,G,2022-23
229,C,2022-23
76643,F,2022-23
1642399,C,2022-23
2823,C,2022-23
1642348,F,2022-23
1630556,F,2022-23
236,G,2022-23
1630306,G,2022-23
202197,,2022-23
1629053,F,2022-23
76647,G,2022-23
76648,G,2022-23
76649,G,2022-23
378,G,2022-23
76651,G,2022-23
458,G,2022-23
1643544,F,2022-23
1918,F-C,2022-23
2064,G,2022-23
76653,F,2022-23
53,G-F,2022-23
1629604,F-G,2022-23
76655,C,2022-23
1627740,F,2022-23
201961,G,2022-23
76656,C,2022-23
251,F,2022-23
76658,F,2022-23
76664,F,2022-23
107,G-F,2022-23
1677,F-G,2022-23
76661,F,2022-23
1631165,G,2022-23
111,F,2022-23
1034,C,2022-23
76663,F,2022-23
101145,G,2022-23
442,C-F,2022-23
600010,C,2022-23
1922,C-F,2022-23
76667,G,2022-23
2408,C-F,2022-23
203954,C-F,2022-23
76668,C,2022-23
2765,G,2022-23
1642400,F,2022-23
76669,F,2022-23
76670,C,2022-23
76671,F,2022-23
76672,G,2022-23
76673,F,2022-23
76674,G,2022-23
76676,G,2022-23
203119,G,2022-23
76675,F,2022-23
76677,F,2022-23
203898,G,2022-23
203516,F,2022-23
76678,F,2022-23
201623,C,2022-23
76679,F,2022-23
76680,F,2022-23
76681,F,2022-23
1915,C,2022-23
76682,,2022-23
76683,G,2022-23
1642855,F,2022-23
1630623,G,2022-23
1629234,F-C,2022-23
76687,G,2022-23
967,F,2022-23
76685,F,2022-23
1642912,F,2022-23
1628980,G-F,2022-23
1628393,G,2022-23
202379,F,2022-23
2230,G-F,2022-23
76686,G,2022-23
2501,C-F,2022-23
201936,G-F,2022-23
1641787,F,2022-23
101137,G,2022-23
121,C,2022-23
201607,F,2022-23
203957,G,2022-23
201963,F,2022-23
203105,C,2022-23
76689,F-G,2022-23
76690,F,2022-23
76691,F,2022-23
1629605,C,2022-23
76692,F,2022-23
202702,F-C,2022-23
76693,G,2022-23
200770,G,2022-23
2824,G,2022-23
76695,F,2022-23
76694,F,2022-23
1108,F,2022-23
76696,F,2022-23
203543,C,2022-23
202324,F,2022-23
201174,F,2022-23
1642847,G,2022-23
76697,F,2022-23
76698,G,2022-23
76699,G,2022-23
994,F,2022-23
76701,G,2022-23
76702,G,2022-23
76703,C,2022-23
1627770,G,2022-23
1626245,F-C,2022-23
203467,G-F,2022-23
101230,F,2022-23
76704,C,2022-23
101109,G,2022-23
76705,G,2022-23
76706,F,2022-23
2724,F,2022-23
1628390,G,2022-23
201164,G,2022-23
1628981,F-C,2022-23
76707,C,2022-23
76708,G,2022-23
76709,F,2022-23
273,F,2022-23
1627812,G,2022-23
76711,F,2022-23
76712,C,2022-23
198,F,2022-23
201178,C,2022-23
76713,F,2022-23
202361,G-F,2022-23
76714,F,2022-23
1642271,C,2022-23
76715,C,2022-23
76716,C,2022-23
714,G-F,2022-23
76717,G,2022-23
1627827,F,2022-23
900,C,2022-23
965,G,2022-23
2809,G,2022-23
1630238,F,2022-23
76720,F,2022-23
76719,F,2022-23
2033,F,2022-23
1642843,F,2022-23
1641745,G,2022-23
76721,G,2022-23
76722,F,2022-23
76723,G,2022-23
1642853,F,2022-23
313,G,2022-23
1643412,G,2022-23
2784,G,2022-23
76725,F,2022-23
1642280,F,2022-23
76726,G,2022-23
201938,G,2022-23
1630201,G,2022-23
76727,G,2022-23
76728,G,2022-23
76729,F,2022-23
1829,,2022-23
76731,G,2022-23
1631323,F,2022-23
202880,C-F,2022-23
1627854,G,2022-23
201814,F,2022-23
1630758,F,2022-23
76732,F,2022-23
2228,F,2022-23
76733,G,2022-23
76734,F,2022-23
76735,G,2022-23
1630259,G,2022-23
76736,G,2022-23
101213,F,2022-23
726,F,2022-23
2551,G,2022-23
76738,G,2022-23
76739,C,2022-23
1630235,G,2022-23
2218,G,2022-23
202622,G,2022-23
1504,C-F,2022-23
76740,F,2022-23
323,C,2022-23
1902,F-C,2022-23
76742,G,2022-23
1630701,F,2022-23
2238,F,2022-23
203095,G-F,2022-23
76744,C,2022-23
76745,C,2022-23
1762,F,2022-23
1628368,G,2022-23
76746,G,2022-23
76747,C,2022-23
296,F,2022-23
200751,G,2022-23
1502,C,2022-23
2499,G,2022-23
1883,G,2022-23
76748,F,2022-23
76749,F,2022-23
203479,G,2022-23
1629606,F,2022-23
204025,G,2022-23
76750,G,2022-23
76751,F,2022-23
1626187,G,2022-23
1628982,G-F,2022-23
76752,F,2022-23
202690,G,2022-23
76753,G,2022-23
202683,C,2022-23
200777,C-F,2022-23
76754,G,2022-23
1642402,F,2022-23
76755,F,2022-23
76756,F,2022-23
1631241,G,2022-23
2782,F,2022-23
76757,F,2022-23
76758,G,2022-23
76759,G,2022-23
76760,C,2022-23
101112,F-C,2022-23
76761,G,2022-23
76762,F,2022-23
1641788,F,2022-23
76763,G,2022-23
76764,F,2022-23
2673,F,2022-23
957,C,2022-23
76765,G,2022-23
1628365,G,2022-23
1444,F,2022-23
1641847,G,2022-23
76767,G,2022-23
1642277,G,2022-23
76768,G,2022-23
1629117,F,2022-23
2429,C,2022-23
202070,F,2022-23
1629655,F-C,2022-23
101184,F,2022-23
76769,,2022-23
76770,G,2022-23
2558,G,2022-23
202178,G,2022-23
76771,G,2022-23
76772,C,2022-23
76773,F,2022-23
201568,F,2022-23
1641945,F,2022-23
204038,G,2022-23
76774,F,2022-23
333,G-F,2022-23
76776,F,2022-23
200816,F,2022-23
2092,F,2022-23
2682,G-F,2022-23
1643158,F,2022-23
101128,G-F,2022-23
76778,F,2022-23
1642066,F,2022-23
201242,G,2022-23
76779,C,2022-23
76780,G,2022-23
1627868,G-F,2022-23
1629636,G,2022-23
76781,G,2022-23
76782,G,2022-23
76783,G,2022-23
1612,G,2022-23
76785,F,2022-23
708,F,2022-23
1831,G,2022-23
1628656,G-F,2022-23
76786,F,2022-23
1051,C,2022-23
203197,G,2022-23
76788,G,2022-23
1630585,G,2022-23
76789,F,2022-23
76790,G,2022-23
76791,F,2022-23
1619,G,2022-23
1727,F,2022-23
1630586,F,2022-23
76793,F,2022-23
1630568,C,2022-23
201188,C,2022-23
2200,C-F,2022-23
76794,G,2022-23
1629232,F,2022-23
423,C-F,2022-23
930,F,2022-23
200752,F-G,2022-23
76797,G,2022-23
1845,F,2022-23
1627771,G-F,2022-23
1002,G,2022-23
202087,F,2022-23
761,C,2022-23
101153,F,2022-23
1904,F,2022-23
76800,G,2022-23
1641718,G,2022-23
1642273,F,2022-23
202331,F,2022-23
76801,G,2022-23
1627875,G,2022-23
76802,F,2022-23
76803,F,2022-23
76804,G,2022-23
76805,C,2022-23
76806,C,2022-23
76807,F,2022-23
200789,G,2022-23
76808,G,2022-23
1626780,G,2022-23
76809,G,2022-23
76810,F,2022-23
201959,F,2022-23
76811,,2022-23
201592,G,2022-23
1630581,G,2022-23
1642933,G,2022-23
201821,F,2022-23
1628385,F-C,2022-23
1628983,G,2022-23
1630264,F,2022-23
2109,G,2022-23
383,G,2022-23
76812,C,2022-23
1631221,G,2022-23
1630273,F,2022-23
1643551,G,2022-23
76813,,2022-23
288,F,2022-23
76815,G,2022-23
600014,C,2022-23
76817,F,2022-23
76818,F,2022-23
1631367,G,2022-23
1938,G,2022-23
1921,G,2022-23
76819,F,2022-23
202148,C,2022-23
76820,C,2022-23
76821,F,2022-23
76822,G,2022-23
76823,F,2022-23
76824,F,2022-23
76825,F,2022-23
1901,G,2022-23
2601,C,2022-23
76826,C,2022-23
203497,C,2022-23
76827,F,2022-23
76828,G,2022-23
76829,F,2022-23
1642884,C,2022-23
924,G,2022-23
101155,F,2022-23
76830,F,2022-23
76831,G,2022-23
1642864,G,2022-23
2400,F,2022-23
76832,G,2022-23
1864,C,2022-23
203462,G,2022-23
1629164,G,2022-23
1630692,G,2022-23
76833,F,2022-23
203932,F,2022-23
2732,G,2022-23
204079,C-F,2022-23
201569,G,2022-23
76834,G,2022-23
76835,F,2022-23
101162,C,2022-23
1641789,G,2022-23
76836,G,2022-23
202726,G,2022-23
76837,G,2022-23
76838,F,2022-23
76839,G,2022-23
1628984,G,2022-23
37,G,2022-23
101121,F,2022-23
76843,G,2022-23
76841,F,2022-23
76842,G,2022-23
101211,G-F,2022-23
1626203,G-F,2022-23
76844,C,2022-23
97,F,2022-23
101122,F-G,2022-23
76847,G,2022-23
258,F-C,2022-23
76850,F,2022-23
202,G,2022-23
285,G,2022-23
265,F,2022-23
270,C,2022-23
203924,F,2022-23
1626170,G,2022-23
76852,F,2022-23
1514,C,2022-23
76853,F,2022-23
1629055,F,2022-23
76854,G,2022-23
1643512,F,2022-23
76855,F,2022-23
1629755,G,2022-23
201189,C,2022-23
1070,F,2022-23
1516,G,2022-23
1026,F,2022-23
76859,G,2022-23
1643060,G,2022-23
1627982,G,2022-23
76860,F,2022-23
1630564,F,2022-23
76861,C,2022-23
76862,F,2022-23
76863,G,2022-23
81,G,2022-23
76865,F,2022-23
920,F,2022-23
1631260,G,2022-23
201980,G,2022-23
101209,G-F,2022-23
203110,F,2022-23
203475,G,2022-23
101123,G-F,2022-23
203210,F-C,2022-23
1630224,G,2022-23
1629750,G,2022-23
201145,F,2022-23
76867,F,2022-23
1630182,G,2022-23
76868,F,2022-23
76869,G,2022-23
600011,F,2022-23
1036,G,2022-23
76872,F,2022-23
76873,C,2022-23
76874,G,2022-23
76875,G,2022-23
76877,G,2022-23
76876,F,2022-23
76878,F,2022-23
201192,G,2022-23
76879,G,2022-23
2584,G,2022-23
201590,F,2022-23
101158,G,2022-23
76880,F,2022-23
76881,F,2022-23
76882,G,2022-23
2696,G,2022-23
76883,F,2022-23
76884,F,2022-23
76885,F,2022-23
76886,F,2022-23
76887,G,2022-23
1631100,F,2022-23
1559,G-F,2022-23
201933,F,2022-23
2204,C,2022-23
76888,F,2022-23
76889,F,2022-23
201981,F,2022-23
76890,G,2022-23
76891,G,2022-23
1629656,G,2022-23
1575,F,2022-23
76893,G,2022-23
76894,G,2022-23
76895,F,2022-23
76896,G,2022-23
76897,C,2022-23
101219,G,2022-23
76899,G,2022-23
76900,F,2022-23
76901,C,2022-23
1629741,G,2022-23
76902,G,2022-23
1631338,F,2022-23
1631243,F,2022-23
339,F,2022-23
76903,C,2022-23
76904,C,2022-23
76905,F,2022-23
76906,F,2022-23
76907,,2022-23
76908,G,2022-23
76909,G,2022-23
203268,G,2022-23
1629657,G,2022-23
2062,G,2022-23
2775,C,2022-23
1629060,F,2022-23
76910,F,2022-23
201632,C,2022-23
76911,G,2022-23
76912,F,2022-23
76913,G,2022-23
1630204,G-F,2022-23
76914,C,2022-23
76915,G,2022-23
76916,F,2022-23
76917,F,2022-23
201612,G,2022-23
203798,F-G,2022-23
2409,F,2022-23
76918,C,2022-23
76919,C,2022-23
76920,G,2022-23
917,C,2022-23
1630169,G,2022-23
76922,G,2022-23
1628985,G,2022-23
1629743,F,2022-23
1631160,G,2022-23
1630221,F,2022-23
200837,F,2022-23
1641790,C,2022-23
1629788,G,2022-23
76923,G,2022-23
1032,F-G,2022-23
984,C,2022-23
76925,G,2022-23
1627772,G-F,2022-23
76926,F,2022-23
202706,G-F,2022-23
203120,C,2022-23
76927,,2022-23
1888,G,2022-23
76928,G,2022-23
76929,F,2022-23
2347,F,2022-23
676,C,2022-23
1985,C,2022-23
903,F-C,2022-23
67,F,2022-23
1627773,C,2022-23
1630181,G,2022-23
241,F,2022-23
1052,C,2022-23
76935,G,2022-23
76936,F,2022-23
1628605,G,2022-23
76937,F,2022-23
76938,F,2022-23
76939,G,2022-23
203162,G,2022-23
201946,F,2022-23
76942,G,2022-23
76940,G,2022-23
76941,C,2022-23
2580,G-F,2022-23
1682,F,2022-23
76944,F,2022-23
202376,F,2022-23
358,G-F,2022-23
896,G,2022-23
203501,G-F,2022-23
201935,G,2022-23
76945,C,2022-23
76946,F,2022-23
76947,G,2022-23
1630702,G,2022-23
76948,F,2022-23
76949,G,2022-23
1641989,G,2022-23
203090,F-G,2022-23
76950,G,2022-23
76951,G,2022-23
76952,G,2022-23
157,G,2022-23
1642844,G,2022-23
1629607,G,2022-23
202712,F-C,2022-23
76954,C,2022-23
166,G,2022-23
1631199,G-F,2022-23
1723,F,2022-23
1626149,F-C,2022-23
202725,F-C,2022-23
2492,G,2022-23
1733,F,2022-23
2454,G,2022-23
970,F-C,2022-23
76956,G,2022-23
76957,F,2022-23
76959,F,2022-23
76958,G,2022-23
2734,G,2022-23
203548,F,2022-23
203914,G,2022-23
1630223,G,2022-23
203925,G-F,2022-23
1630284,G,2022-23
446,G,2022-23
202412,G,2022-23
200839,F,2022-23
76960,G,2022-23
202227,G,2022-23
202699,F,2022-23
76961,G,2022-23
1626151,G,2022-23
1626150,G,2022-23
76962,G,2022-23
2758,C,2022-23
1627885,G,2022-23
2078,G,2022-23
1628404,G,2022-23
1628392,C-F,2022-23
176,F-C,2022-23
2051,F,2022-23
202238,G,2022-23
321,F,2022-23
76965,G,2022-23
2617,F,2022-23
2239,F-G,2022-23
76967,G,2022-23
76966,G,2022-23
76968,F,2022-23
2213,F,2022-23
76969,G,2022-23
1630573,F,2022-23
76970,F,2022-23
201150,F-C,2022-23
76971,C,2022-23
76972,F,2022-23
765,G,2022-23
1641722,G,2022-23
1038,F,2022-23
76974,F,2022-23
1138,G,2022-23
76975,G,2022-23
76977,F,2022-23
76978,G,2022-23
101236,C-F,2022-23
76979,F,2022-23
2553,F,2022-23
1629637,C-F,2022-23
1630165,G,2022-23
76980,C,2022-23
1628502,F,2022-23
202330,F,2022-23
202351,F,2022-23
2217,C,2022-23
76981,F,2022-23
76982,G,2022-23
76983,G,2022-23
101129,G,2022-23
1049,G,2022-23
76984,G,2022-23
76985,F,2022-23
203687,G,2022-23
76986,G,2022-23
76987,F,2022-23
76988,F,2022-23
76989,F,2022-23
673,F-C,2022-23
1538,F,2022-23
76990,F,2022-23
76991,G,2022-23
76993,G,2022-23
201945,G,2022-23
1764,F,2022-23
76992,F,2022-23
76994,G,2022-23
1630703,G,2022-23
76996,G,2022-23
1641707,F,2022-23
971,F,2022-23
76998,G,2022-23
76999,F,2022-23
1630565,F,2022-23
77000,C,2022-23
77004,C,2022-23
77001,G,2022-23
77002,G,2022-23
1627988,F,2022-23
77003,G,2022-23
202333,F-G,2022-23
203089,F-C,2022-23
1667,G,2022-23
1642935,G,2022-23
77006,G,2022-23
77007,C,2022-23
1629608,C-F,2022-23
1627823,F,2022-23
1626195,C-F,2022-23
1914,G,2022-23
61,F,2022-23
200835,F,2022-23
1629639,G,2022-23
77010,G,2022-23
77011,G,2022-23
1628987,F,2022-23
77012,F,2022-23
77013,F,2022-23
77014,F,2022-23
77015,G,2022-23
1626209,F-G,2022-23
201579,C,2022-23
77016,G,2022-23
1628439,F,2022-23
77017,F,2022-23
201581,C-F,2022-23
1627741,G,2022-23
202809,G,2022-23
1848,F,2022-23
77019,F,2022-23
925,G-F,2022-23
77021,G,2022-23
77022,G,2022-23
1629312,F,2022-23
77023,F,2022-23
2403,C-F,2022-23
77024,G,2022-23
77025,G,2022-23
77026,G,2022-23
201588,G,2022-23
255,F,2022-23
201195,F-C,2022-23
201941,F-C,2022-23
1630792,F,2022-23
203524,F,2022-23
201631,C,2022-23
238,F,2022-23
77027,C,2022-23
1626199,G,2022-23
77028,F,2022-23
77029,G,2022-23
2550,G,2022-23
1642396,F,2022-23
77030,C,2022-23
1630207,G-F,2022-23
77031,G,2022-23
77032,F,2022-23
200823,G,2022-23
1629658,F,2022-23
202359,G,2022-23
1641793,G,2022-23
1106,F,2022-23
101125,G,2022-23
77034,G,2022-23
77035,G,2022-23
77036,G,2022-23
77037,F,2022-23
77038,C,2022-23
697,G,2022-23
77039,F,2022-23
2450,F,2022-23
1628988,G,2022-23
201950,G,2022-23
203200,F-G,2022-23
77040,G,2022-23
77041,F,2022-23
204066,G-F,2022-23
77042,G,2022-23
1641842,F,2022-23
77043,G,2022-23
200797,C,2022-23
77044,F,2022-23
1626178,F,2022-23
1626158,F,2022-23
1641747,F,2022-23
1631096,C-F,2022-23
77045,F,2022-23
77046,F,2022-23
77047,G,2022-23
77048,C,2022-23
77049,F,2022-23
77050,G,2022-23
1630258,G,2022-23
1532,F-G,2022-23
202715,F,2022-23
1967,F,2022-23
203918,G-F,2022-23
1641720,G,2022-23
77051,C,2022-23
77052,C,2022-23
1643624,,2022-23
77053,C,2022-23
77054,F,2022-23
203816,G,2022-23
77055,F,2022-23
77056,C,2022-23
201143,C-F,2022-23
77057,C,2022-23
77058,F,2022-23
204,G,2022-23
202862,F,2022-23
109,F-C,2022-23
77060,C,2022-23
1629659,G,2022-23
77061,F,2022-23
77062,C,2022-23
2067,G,2022-23
1627863,F-G,2022-23
1631216,G,2022-23
275,G,2022-23
780,F,2022-23
77064,F,2022-23
77065,F,2022-23
2730,C-F,2022-23
77066,F,2022-23
1641724,G,2022-23
2572,F,2022-23
436,F,2022-23
1630210,G,2022-23
77067,G,2022-23
77069,F,2022-23
1128,F,2022-23
1629739,F-G,2022-23
77070,F,2022-23
77072,C,2022-23
77071,F,2022-23
1631309,G,2022-23
201991,G,2022-23
77074,F,2022-23
1607,G,2022-23
1626273,G,2022-23
1628989,G-F,2022-23
203962,G,2022-23
1630643,C,2022-23
1572,C,2022-23
77076,F,2022-23
77077,G,2022-23
1630190,G,2022-23
77078,C,2022-23
1716,G,2022-23
1965,F,2022-23
1630574,C,2022-23
203133,F,2022-23
77080,F,2022-23
2415,F,2022-23
1629353,C,2022-23
77081,G,2022-23
2743,F,2022-23
77082,G,2022-23
1630624,F,2022-23
2599,F,2022-23
77083,F,2022-23
201805,C-F,2022-23
1629631,F-G,2022-23
77084,F,2022-23
283,G,2022-23
201629,F,2022-23
1626154,G,2022-23
2212,C,2022-23
1626205,F,2022-23
1643047,F,2022-23
310,G,2022-23
77086,F,2022-23
1630562,F,2022-23
77087,G,2022-23
77088,F,2022-23
77089,F,2022-23
1628990,F-G,2022-23
77090,G,2022-23
77091,F,2022-23
1630538,G,2022-23
77092,F,2022-23
201586,F,2022-23
1642345,F,2022-23
2738,G-F,2022-23
980,C,2022-23
101148,C,2022-23
101141,F,2022-23
77093,C,2022-23
77094,G,2022-23
204060,F-G,2022-23
203996,F,2022-23
201281,G,2022-23
1627742,F,2022-23
1631127,F,2022-23
77095,F,2022-23
77096,G,2022-23
202681,G,2022-23
1628371,F,2022-23
1643585,G,2022-23
77097,C,2022-23
77098,G,2022-23
947,G,2022-23
1631093,G,2022-23
2767,G,2022-23
1628411,F,2022-23
101127,G,2022-23
1628935,G,2022-23
77099,G,2022-23
1517,G,2022-23
202132,G,2022-23
201616,F,2022-23
1627743,G,2022-23
1628402,G,2022-23
1641713,F,2022-23
77101,G,2022-23
1630543,F,2022-23
1114,G,2022-23
1983,G,2022-23
754,F-G,2022-23
1628367,G-F,2022-23
1628382,F,2022-23
77103,F,2022-23
2739,F-G,2022-23
1531,F,2022-23
349,G,2022-23
77104,G,2022-23
77105,G,2022-23
77106,F,2022-23
203510,G,2022-23
1631245,G,2022-23
77107,G,2022-23
1872,F,2022-23
202704,G,2022-23
77109,G,2022-23
1536,F-G,2022-23
77100,G,2022-23
77110,G,2022-23
77111,F,2022-23
1641748,G,2022-23
1628991,F-C,2022-23
1631218,F,2022-23
77112,F,2022-23
2418,G,2022-23
1734,G-F,2022-23
1642857,G,2022-23
77114,G,2022-23
77115,F,2022-23
203108,C,2022-23
1642355,G,2022-23
202345,F,2022-23
77116,F,2022-23
1080,F,2022-23
1744,C,2022-23
1629713,G-F,2022-23
2544,F,2022-23
2229,G,2022-23
1628455,G,2022-23
1642883,G,2022-23
1906,F,2022-23
1712,F,2022-23
1942,F,2022-23
77120,F,2022-23
77122,F,2022-23
1631170,G,2022-23
2060,G,2022-23
77123,F,2022-23
1630610,G,2022-23
101180,G,2022-23
201605,F,2022-23
77125,G,2022-23
77126,F,2022-23
2423,F,2022-23
201785,G-F,2022-23
2744,C,2022-23
1628518,F,2022-23
203928,F,2022-23
200971,G,2022-23
1643538,F,2022-23
2210,F,2022-23
1629610,G-F,2022-23
2407,F,2022-23
1641998,C,2022-23
202724,G,2022-23
1642450,G,2022-23
2798,G,2022-23
203098,G,2022-23
201943,G,2022-23
24,G,2022-23
1137,F,2022-23
77129,G,2022-23
201973,F,2022-23
1629660,G-F,2022-23
201998,G,2022-23
203511,F,2022-23
200817,G,2022-23
1630198,G,2022-23
2639,F,2022-23
1642358,G,2022-23
200792,F,2022-23
1628993,F,2022-23
101161,C-F,2022-23
77131,F,2022-23
1533,G,2022-23
202356,G,2022-23
77132,F,2022-23
422,G,2022-23
1629168,F,2022-23
1627744,F,2022-23
77130,F,2022-23
1629661,F,2022-23
201291,G,2022-23
1643052,G-F,2022-23
77133,G,2022-23
202419,F,2022-23
203187,F,2022-23
77135,G,2022-23
77136,C,2022-23
1626177,C,2022-23
683,G,2022-23
77138,G,2022-23
77139,G,2022-23
1630525,G,2022-23
1746,F,2022-23
77141,G,2022-23
2035,F-G,2022-23
698,G,2022-23
77144,G,2022-23
77145,G,2022-23
911,C,2022-23
77146,G,2022-23
77147,C,2022-23
77148,F,2022-23
77149,C,2022-23
77150,F,2022-23
77151,C,2022-23
201274,F,2022-23
202707,F,2022-23
1630552,F,2022-23
201949,F,2022-23
2207,G-F,2022-23
77152,F,2022-23
77153,F,2022-23
1629640,F-G,2022-23
2256,C-F,2022-23
77154,F,2022-23
1630553,G,2022-23
1642352,F,2022-23
134,G,2022-23
1641749,F,2022-23
913,F,2022-23
77156,G,2022-23
77158,F,2022-23
2669,F,2022-23
77159,F,2022-23
77142,F-G,2022-23
77160,F,2022-23
77168,F,2022-23
1643516,F,2022-23
77161,F,2022-23
203910,G,2022-23
77162,F,2022-23
204179,F,2022-23
203111,G,2022-23
77163,F,2022-23
77164,C,2022-23
77165,F,2022-23
1626169,F-G,2022-23
77166,F,2022-23
77134,C,2022-23
1642848,G,2022-23
201234,G-F,2022-23
204020,G,2022-23
77167,G,2022-23
202325,F-G,2022-23
203130,G,2022-23
77170,C,2022-23
77169,C,2022-23
77171,C,2022-23
203999,C,2022-23
77172,F,2022-23
2264,C,2022-23
77173,G,2022-23
77174,F,2022-23
77180,F,2022-23
77193,F,2022-23
200784,F,2022-23
77175,C,2022-23
1630637,G,2022-23
279,F-C,2022-23
77178,F,2022-23
1869,G,2022-23
1641732,G,2022-23
1642938,G,2022-23
2563,G-F,2022-23
1627745,C,2022-23
1800,G,2022-23
203199,F,2022-23
1641794,F,2022-23
202346,G,2022-23
963,F,2022-23
101204,F-C,2022-23
77182,F,2022-23
77183,C,2022-23
224,G-F,2022-23
77184,F,2022-23
2410,G,2022-23
1630529,F,2022-23
1642403,F,2022-23
77185,G,2022-23
1627883,F,2022-23
2592,G-F,2022-23
1629203,F,2022-23
77186,G,2022-23
77187,F,2022-23
1908,F,2022-23
77188,G,2022-23
1630539,C-F,2022-23
1642880,G,2022-23
203158,F,2022-23
1643650,,2022-23
77200,G,2022-23
77189,F,2022-23
2891,G,2022-23
90000,,2022-23
1630222,G,2022-23
77195,G,2022-23
77191,C,2022-23
461,F,2022-23
77192,F,2022-23
77194,C,2022-23
77196,G,2022-23
2652,F,2022-23
200780,F,2022-23
1642461,F,2022-23
77197,G,2022-23
203093,F,2022-23
1630200,G,2022-23
1626145,G,2022-23
77198,G,2022-23
77199,F,2022-23
77201,F,2022-23
77202,G,2022-23
77203,F,2022-23
1642357,G,2022-23
203103,F,2022-23
1627884,F,2022-23
1817,G,2022-23
201599,C,2022-23
77205,G,2022-23
202366,C,2022-23
893,G,2022-23
674,G,2022-23
77208,F,2022-23
77209,F,2022-23
77210,C,2022-23
77211,G,2022-23
77212,C,2022-23
77213,C,2022-23
202709,G,2022-23
2123,C,2022-23
203126,F,2022-23
77214,F,2022-23
1631107,F,2022-23
77215,G,2022-23
1630548,G,2022-23
1629662,C,2022-23
77217,,2022-23
77218,F,2022-23
77219,C,2022-23
1630686,F,2022-23
1641750,C,2022-23
2549,C,2022-23
1626163,F-C,2022-23
77221,G,2022-23
2574,F-G,2022-23
77222,,2022-23
1642284,F,2022-23
203508,G-F,2022-23
201207,G,2022-23
77223,G,2022-23
77225,G,2022-23
2435,C,2022-23
77226,G,2022-23
77227,F,2022-23
1643626,,2022-23
201619,C,2022-23
77228,G,2022-23
1642530,G,2022-23
1643583,G,2022-23
77229,F,2022-23
77230,G,2022-23
77231,G,2022-23
228,F,2022-23
77233,G,2022-23
1631211,G,2022-23
77234,,2022-23
1630283,C,2022-23
77235,C,2022-23
77236,F,2022-23
77237,F,2022-23
1642939,G,2022-23
203527,F,2022-23
77238,G,2022-23
77239,F,2022-23
77240,G,2022-23
431,F,2022-23
1118,C,2022-23
77242,F,2022-23
1628379,G,2022-23
202810,G-F,2022-23
77243,F,2022-23
77244,F,2022-23
77245,G,2022-23
77246,F,2022-23
1643257,F,2022-23
77247,G,2022-23
1801,C,2022-23
77248,C,2022-23
70,G,2022-23
77249,F,2022-23
760,F,2022-23
77251,F,2022-23
1631117,C,2022-23
1930,C-F,2022-23
1630296,F,2022-23
705,F,2022-23
2751,F,2022-23
467,G,2022-23
1629742,F,2022-23
77254,F,2022-23
203077,F,2022-23
77255,F,2022-23
77256,G,2022-23
77257,G,2022-23
77258,C,2022-23
203930,G,2022-23
77259,F,2022-23
77260,G,2022-23
77261,F,2022-23
77262,G,2022-23
77263,F,2022-23
77264,F,2022-23
12,F,2022-23
77266,F,2022-23
701,G,2022-23
77268,G,2022-23
1628994,F,2022-23
1562,C-F,2022-23
77270,G,2022-23
728,G,2022-23
1629663,F,2022-23
77272,G,2022-23
77273,F,2022-23
1101,C,2022-23
351,F-C,2022-23
77276,G,2022-23
77277,C,2022-23
200814,G,2022-23
1905,F,2022-23
203945,C,2022-23
77278,G,2022-23
1630557,F,2022-23
77279,F,2022-23
77280,F,2022-23
1123,C,2022-23
954,G,2022-23
1628467,F,2022-23
170,C,2022-23
101132,F,2022-23
77283,G,2022-23
1641752,F,2022-23
77284,G,2022-23
77285,G,2022-23
1642261,F,2022-23
77290,F,2022-23
77287,G-F,2022-23
2688,G,2022-23
202688,G,2022-23
1510,G,2022-23
1630233,F-C,2022-23
1861,G,2022-23
77288,F,2022-23
77289,F,2022-23
969,C,2022-23
77291,C,2022-23
77292,C,2022-23
77293,C,2022-23
1628995,F,2022-23
1642851,G-F,2022-23
77294,F,2022-23
77295,F,2022-23
1642278,G,2022-23
1631132,C,2022-23
77296,C,2022-23
77297,G,2022-23
402,C,2022-23
1629723,G,2022-23
77299,G,2022-23
77300,F,2022-23
1627788,G-F,2022-23
77301,F,2022-23
1628436,C-F,2022-23
101117,F,2022-23
2594,G-F,2022-23
77302,C,2022-23
77303,F,2022-23
77304,C,2022-23
201585,C,2022-23
77305,F,2022-23
77306,C,2022-23
77307,F,2022-23
77308,F,2022-23
77309,G,2022-23
77310,G,2022-23
203139,C,2022-23
77311,C,2022-23
1630249,G,2022-23
77312,G,2022-23
77313,G,2022-23
77314,G,2022-23
2420,C,2022-23
1474,F,2022-23
77316,F,2022-23
77317,G,2022-23
77318,F,2022-23
77319,G,2022-23
77320,G,2022-23
77322,F,2022-23
389,F,2022-23
1629083,F,2022-23
1630228,F,2022-23
77323,C,2022-23
77324,F,2022-23
77325,C,2022-23
1629066,F,2022-23
201633,F,2022-23
2825,G,2022-23
1628398,F,2022-23
203136,C,2022-23
1627851,F,2022-23
77327,G,2022-23
1711,C-F,2022-23
77328,C,2022-23
1631222,F,2022-23
1601,G,2022-23
77340,F,2022-23
203897,G,2022-23
1627746,F-C,2022-23
77326,C,2022-23
363,F-C,2022-23
201802,G,2022-23
100263,C,2022-23
77329,F,2022-23
77330,G,2022-23
1630237,F,2022-23
203117,G,2022-23
203087,G-F,2022-23
77331,C,2022-23
77332,G,2022-23
2573,F,2022-23
77333,F,2022-23
2253,F,2022-23
1629111,C,2022-23
201171,F,2022-23
202068,F,2022-23
77334,F,2022-23
77335,F,2022-23
457,C,2022-23
226,F,2022-23
2591,C,2022-23
1892,G,2022-23
101247,G,2022-23
1629641,G-F,2022-23
2061,F,2022-23
600005,C,2022-23
1642404,G,2022-23
77338,G,2022-23
1627879,G,2022-23
77339,G,2022-23
203499,G,2022-23
1641796,G,2022-23
77341,G,2022-23
201186,F,2022-23
77342,F,2022-23
968,C,2022-23
77344,G,2022-23
77345,F,2022-23
203530,C,2022-23
77346,F,2022-23
77347,F,2022-23
201151,G,2022-23
1629724,F,2022-23
202371,F,2022-23
1643588,F,2022-23
77348,C,2022-23
1630639,G,2022-23
1535,C,2022-23
201951,G,2022-23
1627774,F,2022-23
77350,G,2022-23
1627747,G,2022-23
1628388,F,2022-23
77351,C,2022-23
77352,G,2022-23
77353,G,2022-23
77354,F,2022-23
287,C,2022-23
1629665,G,2022-23
203495,G,2022-23
77356,G,2022-23
77357,F,2022-23
201584,G,2022-23
1627814,G-F,2022-23
101135,F-C,2022-23
77358,G,2022-23
77359,F,2022-23
77360,G,2022-23
77361,F,2022-23
77362,G,2022-23
202723,G,2022-23
77363,C,2022-23
77364,G,2022-23
77365,F,2022-23
1630240,G,2022-23
77366,G,2022-23
77367,F,2022-23
100,G,2022-23
77369,G,2022-23
1627215,G,2022-23
203458,C,2022-23
702,G,2022-23
1642865,F,2022-23
77371,G,2022-23
77370,C,2022-23
202695,F,2022-23
203086,F-C,2022-23
1642502,F,2022-23
77372,G,2022-23
202727,G,2022-23
77373,G,2022-23
77374,G,2022-23
202720,F,2022-23
77375,F,2022-23
77376,G,2022-23
77377,F,2022-23
77385,G,2022-23
736,F,2022-23
77379,F,2022-23
77380,G,2022-23
77381,F,2022-23
1631171,F,2022-23
1641831,F,2022-23
729,F,2022-23
1641721,F,2022-23
1900,G-F,2022-23
77383,G,2022-23
1740,F,2022-23
77384,G,2022-23
1630575,G,2022-23
1630184,G,2022-23
77386,F,2022-23
77387,G,2022-23
1630604,F,2022-23
202732,G,2022-23
77388,G,2022-23
203081,G,2022-23
202391,G,2022-23
77389,F,2022-23
175,C-F,2022-23
1629642,F-G,2022-23
1641726,C,2022-23
1630587,F,2022-23
1641753,F,2022-23
988,G,2022-23
2733,G,2022-23
77392,C,2022-23
1024,C,2022-23
77394,F,2022-23
77395,G,2022-23
77396,C,2022-23
77397,F,2022-23
77398,F,2022-23
77399,F,2022-23
1100,F,2022-23
77401,F,2022-23
77402,F,2022-23
1629155,G,2022-23
1631254,F,2022-23
77403,G,2022-23
38,F-C,2022-23
1609,F,2022-23
3,F,2022-23
1381,G,2022-23
77406,G,2022-23
1627848,F,2022-23
26,C,2022-23
1626172,F,2022-23
201572,C,2022-23
1732,G-F,2022-23
1643510,F,2022-23
2221,G,2022-23
201577,C,2022-23
943,G,2022-23
77409,F,2022-23
77410,F,2022-23
77411,G,2022-23
1629712,G,2022-23
77412,F,2022-23
1631126,G,2022-23
201567,F-C,2022-23
77413,F,2022-23
77414,C,2022-23
1643133,C,2022-23
77415,G,2022-23
77416,G,2022-23
200768,G,2022-23
1628070,G,2022-23
77417,F,2022-23
77418,F,2022-23
77419,G,2022-23
203564,G,2022-23
77420,F,2022-23
101249,G,2022-23
77421,F,2022-23
1731,G,2022-23
77422,G,2022-23
77423,F,2022-23
77424,G,2022-23
77425,G,2022-23
1630994,G,2022-23
1641754,G-F,2022-23
1627789,G-F,2022-23
1628399,F,2022-23
1626168,F,2022-23
248,F,2022-23
77426,F,2022-23
77427,F,2022-23
1627815,G-F,2022-23
1928,C,2022-23
77430,G,2022-23
931,F,2022-23
77428,F,2022-23
77429,C,2022-23
203159,G,2022-23
101178,G,2022-23
77432,G,2022-23
694,G-F,2022-23
202714,G,2022-23
1635,F,2022-23
77435,F,2022-23
202731,F,2022-23
77436,G,2022-23
1629133,G,2022-23
1855,G,2022-23
1629122,G,2022-23
77438,G,2022-23
77439,F,2022-23
2432,G,2022-23
1666,G,2022-23
2058,F,2022-23
77441,F,2022-23
203705,G,2022-23
1894,F,2022-23
77442,F,2022-23
2048,C,2022-23
1630266,C,2022-23
101133,C,2022-23
77443,C,2022-23
77444,F,2022-23
328,F,2022-23
105,G-F,2022-23
200970,F,2022-23
1627748,F-C,2022-23
77447,,2022-23
1630177,G,2022-23
117,G,2022-23
252,F,2022-23
77449,C,2022-23
1074,G,2022-23
77450,F,2022-23
1642863,C,2022-23
1630572,F-C,2022-23
77451,G,2022-23
77452,F,2022-23
1630211,G,2022-23
77453,G,2022-23
986,F,2022-23
1629611,G-F,2022-23
1630544,G,2022-23
330,F-C,2022-23
77454,F,2022-23
316,C,2022-23
1630185,G,2022-23
77456,G,2022-23
77457,G,2022-23
1643530,C,2022-23
77459,G,2022-23
77458,G,2022-23
203906,F,2022-23
77460,G,2022-23
950,G,2022-23
36,G,2022-23
77462,G,2022-23
77463,F,2022-23
1890,G-F,2022-23
1626246,C,2022-23
1628374,F-C,2022-23
200806,F,2022-23
1752,F-C,2022-23
77464,G,2022-23
77465,G,2022-23
77466,F,2022-23
681,F,2022-23
923,F,2022-23
203088,G,2022-23
1630230,F,2022-23
101185,G-F,2022-23
77467,F,2022-23
77468,F,2022-23
1642918,G,2022-23
77481,F,2022-23
77478,C,2022-23
77469,F,2022-23
1628997,F,2022-23
201858,F,2022-23
1628998,F,2022-23
733,G-F,2022-23
239,G,2022-23
77473,C,2022-23
77471,G,2022-23
77472,C,2022-23
1626185,F,2022-23
1641798,G,2022-23
77474,G,2022-23
1629725,G,2022-23
1630231,F,2022-23
1629103,F,2022-23
2030,F,2022-23
2755,G,2022-23
77475,C,2022-23
77476,G,2022-23
77477,G,2022-23
77479,G,2022-23
77480,G,2022-23
1631213,F,2022-23
1643568,F,2022-23
1642942,G,2022-23
469,F,2022-23
77482,G,2022-23
193,F,2022-23
2046,G-F,2022-23
1628412,G,2022-23
2427,G,2022-23
763,F-C,2022-23
77483,F,2022-23
1628999,F,2022-23
1629726,G,2022-23
1628493,F-C,2022-23
1629751,G,2022-23
1631097,G-F,2022-23
1631255,F-C,2022-23
77484,G,2022-23
202083,G,2022-23
77485,F,2022-23
77486,F,2022-23
1630178,G,2022-23
101131,F,2022-23
77487,F,2022-23
137,G,2022-23
77489,F,2022-23
77490,F,2022-23
101118,C-F,2022-23
195,G,2022-23
77492,F,2022-23
77493,G,2022-23
77495,F,2022-23
77494,G,2022-23
201953,G,2022-23
201564,G,2022-23
1630219,G,2022-23
77496,G,2022-23
77497,F,2022-23
1643024,G,2022-23
201601,F,2022-23
1643016,G,2022-23
2788,C,2022-23
77498,C,2022-23
203949,F,2022-23
77499,F,2022-23
1630540,G,2022-23
1642272,G,2022-23
1628769,G,2022-23
203492,G,2022-23
737,F,2022-23
77500,G,2022-23
77502,F,2022-23
101119,G,2022-23
77503,G,2022-23
77504,G,2022-23
77505,G,2022-23
77506,G,2022-23
77507,,2022-23
1820,G-F,2022-23
962,F,2022-23
1043,C,2022-23
1627775,G,2022-23
77509,G,2022-23
77510,G,2022-23
2082,C,2022-23
77512,G,2022-23
45,F,2022-23
1630644,G,2022-23
203468,G,2022-23
77513,F,2022-23
77514,G,2022-23
204456,G,2022-23
77515,G,2022-23
77516,C,2022-23
1741,F,2022-23
77517,G,2022-23
200840,G,2022-23
1622,F,2022-23
77518,F,2022-23
1628571,F,2022-23
1641755,G,2022-23
1626191,F,2022-23
77520,G,2022-23
723,G,2022-23
1365,F,2022-23
1630183,F,2022-23
1629667,F,2022-23
77523,C,2022-23
203909,G-F,2022-23
203926,F,2022-23
1630253,F,2022-23
77524,F,2022-23
77525,F,2022-23
1075,C,2022-23
77527,F,2022-23
686,F-C,2022-23
77528,G,2022-23
200829,F,2022-23
77529,G,2022-23
203956,F,2022-23
201580,C-F,2022-23
77530,F,2022-23
77531,C,2022-23
77532,F,2022-23
77533,G,2022-23
1631121,G,2022-23
1503,G-F,2022-23
77534,F,2022-23
1630787,F,2022-23
203585,G,2022-23
77536,G,2022-23
77535,G,2022-23
77537,G,2022-23
201187,F,2022-23
1450,F,2022-23
29,C,2022-23
976,G,2022-23
77540,F,2022-23
77541,F,2022-23
77542,F,2022-23
77543,F,2022-23
365,F,2022-23
243,G,2022-23
77547,G,2022-23
77545,F,2022-23
77546,F,2022-23
203590,G,2022-23
1628035,F,2022-23
1630605,G,2022-23
1629162,G,2022-23
203463,G,2022-23
77548,F,2022-23
77549,F,2022-23
2693,G,2022-23
1728,F,2022-23
77551,G,2022-23
203,G-F,2022-23
77553,F,2022-23
77554,F,2022-23
77555,F,2022-23
77556,,2022-23
77557,,2022-23
77558,C,2022-23
77559,C,2022-23
202077,G,2022-23
77560,F,2022-23
1642862,F,2022-23
77562,G,2022-23
77561,F,2022-23
77563,G,2022-23
2101,G,2022-23
77565,F,2022-23
203895,G,2022-23
77566,G,2022-23
201177,F,2022-23
1629098,G-F,2022-23
77567,F,2022-23
77568,F,2022-23
2098,F,2022-23
1577,G,2022-23
201975,G,2022-23
77570,F,2022-23
77571,F,2022-23
77572,F,2022-23
77573,F,2022-23
77574,G,2022-23
1626257,C,2022-23
203539,G,2022-23
77576,G,2022-23
77575,G,2022-23
1629740,F,2022-23
203097,C,2022-23
1629001,G,2022-23
77577,F,2022-23
77578,G,2022-23
77579,G,2022-23
77580,G,2022-23
77581,G,2022-23
1641877,C,2022-23
200822,F,2022-23
1500,F,2022-23
77582,C,2022-23
77583,G,2022-23
1630241,G,2022-23
77584,F,2022-23
1629002,F-C,2022-23
684,C-F,2022-23
77586,F,2022-23
77587,F,2022-23
77588,F,2022-23
203995,G,2022-23
1626175,C-F,2022-23
203114,F,2022-23
77589,G,2022-23
2036,C,2022-23
1628450,C-F,2022-23
77590,C,2022-23
600012,C,2022-23
77591,F,2022-23
77593,F,2022-23
77594,C,2022-23
101223,G,2022-23
101139,F-G,2022-23
2032,F,2022-23
77596,G,2022-23
1527,F,2022-23
2545,C,2022-23
77598,,2022-23
1889,G,2022-23
292,F,2022-23
1642394,F,2022-23
77605,,2022-23
77603,F,2022-23
1802,C-F,2022-23
1641706,F,2022-23
203121,F,2022-23
77602,F,2022-23
77599,F,2022-23
1641801,F,2022-23
77600,C,2022-23
77601,F,2022-23
1641757,G,2022-23
1631159,F,2022-23
1626259,G-F,2022-23
2034,G-F,2022-23
932,C,2022-23
203113,F,2022-23
397,G,2022-23
77604,F,2022-23
168,F,2022-23
77606,C,2022-23
201988,G,2022-23
371,C-F,2022-23
202407,G-F,2022-23
200794,F,2022-23
1629003,G,2022-23
1631303,F,2022-23
114,G,2022-23
1642434,F,2022-23
77609,G,2022-23
77610,G,2022-23
65,G-F,2022-23
77612,F,2022-23
1631169,F,2022-23
202703,F,2022-23
77613,G,2022-23
1954,G,2022-23
1642274,C,2022-23
1642349,G,2022-23
1630558,G,2022-23
1641759,F,2022-23
1628378,G,2022-23
77615,F,2022-23
77616,C,2022-23
417,F,2022-23
77614,F,2022-23
203183,F,2022-23
203502,F,2022-23
1628513,G,2022-23
77618,F,2022-23
77619,F,2022-23
1749,G,2022-23
211,C,2022-23
1630596,C,2022-23
1630600,F,2022-23
77621,F,2022-23
1642367,F,2022-23
77622,F,2022-23
1737,C,2022-23
2040,F,2022-23
77623,C,2022-23
1629690,G,2022-23
77624,F,2022-23
77625,F,2022-23
77626,G,2022-23
1631320,F,2022-23
77627,G,2022-23
2752,F,2022-23
1628370,G,2022-23
600006,G,2022-23
202328,F-C,2022-23
77628,G,2022-23
1626242,G,2022-23
77630,F,2022-23
376,C,2022-23
1630541,G,2022-23
200081,F,2022-23
1629875,G,2022-23
77631,F,2022-23
1629760,G,2022-23
77632,F,2022-23
1628500,F,2022-23
202734,G,2022-23
77634,F,2022-23
77633,G,2022-23
77635,G,2022-23
1630,F-C,2022-23
77636,C,2022-23
77637,C,2022-23
1631386,G,2022-23
929,G,2022-23
1631111,G,2022-23
1631457,G,2022-23
1629630,G,2022-23
203961,F-C,2022-23
77639,F,2022-23
77640,G,2022-23
1629752,F,2022-23
77641,G,2022-23
77642,C,2022-23
77644,C,2022-23
356,F,2022-23
202721,G,2022-23
77647,F,2022-23
1628537,G,2022-23
202693,F,2022-23
77646,F,2022-23
1628420,G,2022-23
201043,C,2022-23
2242,F,2022-23
202694,F,2022-23
200747,F,2022-23
77648,F,2022-23
77649,G,2022-23
201627,G,2022-23
132,G,2022-23
1972,F,2022-23
77652,F,2022-23
77653,F,2022-23
77654,G,2022-23
734,G,2022-23
202700,F-C,2022-23
1628405,F,2022-23
2069,C-F,2022-23
203102,F,2022-23
297,C,2022-23
202389,C,2022-23
77657,F,2022-23
1626144,G,2022-23
77658,F,2022-23
203498,G-F,2022-23
1628539,G,2022-23
77659,G,2022-23
77660,,2022-23
201957,C,2022-23
904,F,2022-23
77662,G,2022-23
942,C,2022-23
204098,G,2022-23
77664,F,2022-23
77665,G,2022-23
785,G,2022-23
49,C,2022-23
1630278,G,2022-23
77668,G,2022-23
77669,G,2022-23
77672,G,2022-23
203513,F,2022-23
77670,F,2022-23
77671,F,2022-23
203122,G,2022-23
77673,F,2022-23
77674,C,2022-23
2211,F-C,2022-23
1630530,F,2022-23
1627749,G,2022-23
2436,G,2022-23
1627750,G,2022-23
1631099,F,2022-23
77675,G,2022-23
1631200,F,2022-23
441,F,2022-23
145,F,2022-23
1642867,F,2022-23
77676,F,2022-23
203315,G,2022-23
1629058,G-F,2022-23
203488,F-C,2022-23
77677,G,2022-23
1054,F,2022-23
87,C,2022-23
982,F,2022-23
939,G-F,2022-23
1629004,G-F,2022-23
1823,F,2022-23
2055,C,2022-23
77681,F,2022-23
77682,F,2022-23
2411,F,2022-23
1627846,F,2022-23
77683,G,2022-23
77684,G,2022-23
1924,F,2022-23
2059,F,2022-23
77685,F,2022-23
1631250,F,2022-23
1626204,F-C,2022-23
203894,G,2022-23
77686,G,2022-23
77688,F,2022-23
77687,F,2022-23
959,G,2022-23
77689,C,2022-23
77690,G,2022-23
77691,F,2022-23
77692,G,2022-23
77693,F,2022-23
2434,G,2022-23
202380,C,2022-23
101238,C,2022-23
1626254,F,2022-23
77694,G,2022-23
202390,G,2022-23
77695,C,2022-23
77696,F,2022-23
77697,F,2022-23
203517,G,2022-23
77698,F,2022-23
77699,C,2022-23
201634,G,2022-23
77700,F,2022-23
1641761,F,2022-23
1643593,F,2022-23
2749,G,2022-23
77701,G,2022-23
1629614,G-F,2022-23
1129,G,2022-23
1642948,G,2022-23
1630612,G,2022-23
1838,F-G,2022-23
1630174,G-F,2022-23
77704,F,2022-23
1725,C,2022-23
203526,G,2022-23
77705,G,2022-23
77706,G,2022-23
77707,C,2022-23
1116,G,2022-23
1096,C,2022-23
1956,G-F,2022-23
1642854,F,2022-23
77710,G,2022-23
271,F,2022-23
1629005,G,2022-23
77712,C,2022-23
1641803,G,2022-23
1643712,C,2022-23
1627777,F,2022-23
201193,F,2022-23
77713,C,2022-23
203094,F,2022-23
1643589,F,2022-23
1093,G,2022-23
77715,G,2022-23
1642949,C,2022-23
77716,C,2022-23
77717,G,2022-23
77718,F,2022-23
77719,C,2022-23
1630227,G,2022-23
77720,G,2022-23
77721,G,2022-23
1630192,F-C,2022-23
201149,F-C,2022-23
77722,G,2022-23
2804,F,2022-23
200786,F-G,2022-23
203457,C-F,2022-23
77723,F,2022-23
203512,C,2022-23
77724,C,2022-23
77725,C,2022-23
999,F,2022-23
77727,C,2022-23
77728,F,2022-23
77729,G,2022-23
80,F,2022-23
77731,C,2022-23
1641936,F,2022-23
983,G,2022-23
77732,C,2022-23
1629668,G-F,2022-23
77733,F,2022-23
77734,C,2022-23
77735,G,2022-23
77736,C,2022-23
200779,F,2022-23
1629669,G,2022-23
1641806,G,2022-23
77737,G,2022-23
1717,F,2022-23
1628373,G,2022-23
1629134,G,2022-23
203263,F,2022-23
203994,C,2022-23
77738,G,2022-23
1628021,G-F,2022-23
1629670,F,2022-23
1022,F,2022-23
1525,G,2022-23
709,G,2022-23
77742,G,2022-23
77744,F,2022-23
77743,,2022-23
1626266,F,2022-23
200753,C,2022-23
203948,F-C,2022-23
77745,G,2022-23
77746,G,2022-23
77750,G,2022-23
77752,G,2022-23
77753,G,2022-23
77754,F,2022-23
77766,F,2022-23
979,C-F,2022-23
406,C,2022-23
1626220,F,2022-23
77767,F,2022-23
203124,C-F,2022-23
77773,G,2022-23
77774,G,2022-23
77776,,2022-23
891,F,2022-23
101177,F-C,2022-23
1627849,F,2022-23
201141,C,2022-23
1885,F,2022-23
1642490,C,2022-23
77747,F,2022-23
77748,F,2022-23
1628,C,2022-23
77751,G,2022-23
203317,C-F,2022-23
1628400,F,2022-23
2731,C,2022-23
1626143,C-F,2022-23
1643253,F,2022-23
1629643,F,2022-23
1629059,F-G,2022-23
1629006,G,2022-23
1630168,F-C,2022-23
1643536,G,2022-23
1630171,F-G,2022-23
1629644,F-G,2022-23
1643590,C,2022-23
2246,C-F,2022-23
203506,G,2022-23
165,C,2022-23
77756,F,2022-23
1642950,C,2022-23
77757,C,2022-23
77758,G,2022-23
77759,G,2022-23
1642439,G,2022-23
77760,F,2022-23
1680,G,2022-23
1628419,F,2022-23
2352,G,2022-23
1429,G,2022-23
1563,G,2022-23
77764,G,2022-23
1709,C,2022-23
77765,F,2022-23
203482,F-C,2022-23
1641807,F,2022-23
1630647,F,2022-23
1629671,G-F,2022-23
202620,F-C,2022-23
1627778,C,2022-23
1642391,C,2022-23
77768,G,2022-23
77769,,2022-23
77770,F,2022-23
77771,F,2022-23
202350,C,2022-23
77772,F,2022-23
1626224,F,2022-23
77775,F,2022-23
731,C,2022-23
77777,G,2022-23
77778,C,2022-23
77779,,2022-23
1630187,C,2022-23
1626162,F-G,2022-23
448,F,2022-23
2566,F,2022-23
77780,G,2022-23
77,G,2022-23
1642923,G,2022-23
101261,G,2022-23
182,F-G,2022-23
2442,F,2022-23
77782,F,2022-23
77783,G,2022-23
77784,F,2022-23
77785,F,2022-23
202082,F-G,2022-23
1629745,F,2022-23
77786,C,2022-23
1077,F,2022-23
2071,C,2022-23
77788,C,2022-23
2585,C,2022-23
123,G,2022-23
77789,F,2022-23
1909,F,2022-23
1629873,G,2022-23
1627779,G,2022-23
77790,F,2022-23
1960,G,2022-23
77791,F,2022-23
77792,F,2022-23
77793,F,2022-23
1629309,G,2022-23
77794,C,2022-23
1630698,G,2022-23
1950,F,2022-23
1627834,C,2022-23
203123,F,2022-23
2457,G,2022-23
202951,G,2022-23
77797,F,2022-23
305,C,2022-23
77799,G,2022-23
1515,G,2022-23
203953,F,2022-23
2470,G,2022-23
77800,F,2022-23
2225,G,2022-23
77801,G,2022-23
685,F-C,2022-23
77802,C,2022-23
77803,F,2022-23
77804,G,2022-23
202718,F,2022-23
1629672,F,2022-23
1628394,C-F,2022-23
1097,F,2022-23
77806,G,2022-23
77807,,2022-23
77808,F,2022-23
77809,,2022-23
1754,F,2022-23
77811,C,2022-23
203934,G-F,2022-23
202335,F,2022-23
1739,F,2022-23
77812,C,2022-23
77813,F,2022-23
77814,G,2022-23
1628383,C,2022-23
203464,G,2022-23
101108,G,2022-23
77815,F,2022-23
77816,G,2022-23
77817,C,2022-23
2562,G-F,2022-23
77818,G,2022-23
77819,G,2022-23
77820,G,2022-23
77821,G,2022-23
203940,F,2022-23
1626166,G,2022-23
77822,F,2022-23
77823,C,2022-23
203901,G,2022-23
56,G,2022-23
77824,G,2022-23
1627780,G,2022-23
77825,G,2022-23
77826,G,2022-23
1643520,F,2022-23
1642877,G-F,2022-23
200762,F-C,2022-23
77827,G,2022-23
1642951,G,2022-23
324,G,2022-23
201593,C,2022-23
77828,C,2022-23
203658,C,2022-23
77829,F,2022-23
2130,,2022-23
1642869,G-F,2022-23
2667,F,2022-23
2632,G,2022-23
46,C,2022-23
781,C,2022-23
1641970,F,2022-23
2570,C,2022-23
64,C-F,2022-23
77834,G,2022-23
200785,C,2022-23
1628506,G,2022-23
77835,F,2022-23
386,G,2022-23
1629617,F-C,2022-23
897,F,2022-23
456,F,2022-23
445,G-F,2022-23
1643007,G,2022-23
1628409,F,2022-23
77839,F,2022-23
77840,G,2022-23
77843,F,2022-23
1643408,G,2022-23
1641809,F,2022-23
77841,C,2022-23
77842,G,2022-23
2050,G,2022-23
77844,G,2022-23
101130,C,2022-23
77845,G,2022-23
1630196,C,2022-23
77846,C,2022-23
77847,F,2022-23
77848,G,2022-23
77850,,2022-23
77849,G,2022-23
74,F,2022-23
77852,G,2022-23
77853,G,2022-23
1629341,G,2022-23
77854,F,2022-23
77855,G,2022-23
1641763,F,2022-23
184,G,2022-23
1642889,G,2022-23
15,G-F,2022-23
1629618,G,2022-23
1630691,F,2022-23
1718,F,2022-23
894,G,2022-23
1643555,G,2022-23
77858,G,2022-23
2554,F,2022-23
77859,F,2022-23
291,F,2022-23
200838,F,2022-23
77861,F,2022-23
1629033,G-F,2022-23
77862,F,2022-23
77863,C,2022-23
937,F-G,2022-23
1630590,G,2022-23
77864,F,2022-23
202354,C,2022-23
2565,G-F,2022-23
202353,C,2022-23
1631342,G-F,2022-23
1627850,C,2022-23
203486,F-C,2022-23
203101,C,2022-23
77865,F,2022-23
2750,C,2022-23
1641764,G,2022-23
1627751,C,2022-23
1629738,C-F,2022-23
1630197,F,2022-23
77866,F,2022-23
77867,F,2022-23
1513,C-F,2022-23
77868,F,2022-23
178,C-F,2022-23
77869,F,2022-23
202347,F,2022-23
1629044,G,2022-23
1630582,F,2022-23
1629673,G,2022-23
77870,F,2022-23
998,C-F,2022-23
77872,C,2022-23
77873,F,2022-23
2084,F,2022-23
77875,F,2022-23
1629007,C-F,2022-23
77876,G,2022-23
345,G,2022-23
1641854,G,2022-23
1629645,G-F,2022-23
1629008,F,2022-23
203490,F,2022-23
1626171,F,2022-23
77878,F,2022-23
204001,F-C,2022-23
1899,F,2022-23
1642366,C,2022-23
2068,G-F,2022-23
958,C-F,2022-23
1630695,C,2022-23
1642967,G,2022-23
200796,F,2022-23
1642962,G-F,2022-23
203939,F-C,2022-23
2694,F,2022-23
2867,F,2022-23
1629619,G,2022-23
1626181,G,2022-23
101232,F,2022-23
1627816,F,2022-23
77879,G,2022-23
203515,G,2022-23
77880,G,2022-23
77881,F,2022-23
1630554,G,2022-23
201985,G,2022-23
85,G,2022-23
77883,G,2022-23
899,G,2022-23
77884,G,2022-23
101179,G,2022-23
77882,G,2022-23
77886,F,2022-23
203143,G,2022-23
1630563,G,2022-23
1627752,F,2022-23
2419,F,2022-23
77887,C,2022-23
340,G,2022-23
1630202,G,2022-23
1642878,G,2022-23
1919,G-F,2022-23
1641765,F,2022-23
201172,G,2022-23
2038,C,2022-23
77888,C,2022-23
77889,,2022-23
77890,F,2022-23
1626643,G,2022-23
1642389,G,2022-23
1628681,G,2022-23
77891,G,2022-23
1627753,F-C,2022-23
1643519,F,2022-23
1627817,G,2022-23
1642852,C,2022-23
1630243,G,2022-23
1629674,C,2022-23
77892,F,2022-23
1630193,G,2022-23
200809,G,2022-23
77893,G,2022-23
1631311,G,2022-23
1628397,F,2022-23
77894,C,2022-23
77895,G,2022-23
77896,G,2022-23
77897,G,2022-23
129,F,2022-23
2209,F,2022-23
1893,C,2022-23
77899,F,2022-23
77900,G,2022-23
203545,C,2022-23
77901,F,2022-23
77902,F,2022-23
77903,G,2022-23
77904,F,2022-23
2080,G,2022-23
77905,F,2022-23
2762,C,2022-23
77906,F,2022-23
77907,F,2022-23
1630186,G,2022-23
77908,G,2022-23
1821,F,2022-23
1626184,G,2022-23
203944,F-C,2022-23
201576,F,2022-23
101183,F,2022-23
2216,F,2022-23
77910,F,2022-23
77911,G,2022-23
77912,G,2022-23
78656,F,2022-23
1628504,G,2022-23
77913,F,2022-23
77914,G,2022-23
77915,C,2022-23
689,C,2022-23
202360,G,2022-23
77916,F,2022-23
200810,G,2022-23
77917,C,2022-23
77918,F,2022-23
77920,F,2022-23
77919,G,2022-23
77921,C,2022-23
1642875,C,2022-23
77922,G,2022-23
1641871,C,2022-23
1630559,G,2022-23
77923,F,2022-23
1629729,G-F,2022-23
1442,C,2022-23
695,G,2022-23
2072,G,2022-23
1629629,F-G,2022-23
77925,F,2022-23
200755,G,2022-23
77926,G,2022-23
1628432,G,2022-23
77927,C,2022-23
2770,F,2022-23
1630194,F,2022-23
77928,F,2022-23
203186,F-C,2022-23
77929,C,2022-23
1643542,C,2022-23
1642024,F-C,2022-23
1642882,F,2022-23
1641810,G,2022-23
735,C,2022-23
234,G,2022-23
77932,G,2022-23
77933,F,2022-23
77937,G,2022-23
690,F,2022-23
462,F-C,2022-23
77935,C,2022-23
1629675,C-F,2022-23
77936,F,2022-23
202385,F,2022-23
2876,C,2022-23
77938,G,2022-23
77939,F,2022-23
720,G,2022-23
77941,G,2022-23
77942,F,2022-23
981,C,2022-23
704,G,2022-23
77944,F,2022-23
1629244,G-F,2022-23
77945,G,2022-23
77946,G,2022-23
1631197,G,2022-23
77947,G,2022-23
1518,G-F,2022-23
779,F-G,2022-23
203318,G-F,2022-23
201181,F,2022-23
1642954,G,2022-23
1630208,C,2022-23
77950,G,2022-23
1642859,G,2022-23
2202,G,2022-23
200978,G-F,2022-23
1626196,G,2022-23
1627781,G,2022-23
77952,G,2022-23
2369,G,2022-23
71,G,2022-23
2047,F,2022-23
1642955,G,2022-23
782,G,2022-23
77954,F,2022-23
77955,F,2022-23
375,G,2022-23
77957,G,2022-23
2557,G,2022-23
77958,G,2022-23
77959,F,2022-23
2541,G,2022-23
77960,F,2022-23
77963,F,2022-23
35,C,2022-23
77962,G,2022-23
77964,F,2022-23
1642860,F,2022-23
1630203,G,2022-23
77965,G,2022-23
77966,F,2022-23
1642258,F,2022-23
77967,C,2022-23
77968,G,2022-23
77969,F,2022-23
203085,G,2022-23
77970,G,2022-23
470,G,2022-23
77972,F,2022-23
1641857,C,2022-23
203460,G-F,2022-23
101194,G,2022-23
77973,C,2022-23
2121,,2022-23
77975,F,2022-23
77979,,2022-23
203148,G,2022-23
122,F,2022-23
77977,F,2022-23
101160,F,2022-23
77978,F,2022-23
914,C,2022-23
926,G,2022-23
600015,G,2022-23
1926,G,2022-23
77983,G,2022-23
77984,C,2022-23
2774,G-F,2022-23
997,G,2022-23
77986,F,2022-23
361,F-C,2022-23
764,C,2022-23
1628421,F,2022-23
1629130,F,2022-23
1944,F,2022-23
77988,G,2022-23
299,F,2022-23
77989,F,2022-23
1554,,2022-23
381,G,2022-23
1629010,G,2022-23
1629620,G,2022-23
1683,G,2022-23
1629011,C-F,2022-23
101126,G,2022-23
77994,G,2022-23
1631115,C,2022-23
716,G,2022-23
203080,F,2022-23
77993,F,2022-23
77996,F,2022-23
203922,F,2022-23
1630526,F,2022-23
77997,F,2022-23
77998,C,2022-23
1629676,F,2022-23
77999,C,2022-23
78000,G,2022-23
78001,G,2022-23
78002,C,2022-23
1631223,F,2022-23
78003,G,2022-23
23,F,2022-23
200771,G,2022-23
691,F,2022-23
435,F-C,2022-23
78007,F,2022-23
78008,G,2022-23
915,F,2022-23
964,F,2022-23
78010,F,2022-23
78011,G,2022-23
202375,F,2022-23
78012,G,2022-23
78013,G,2022-23
1631157,G,2022-23
78014,C,2022-23
78015,G,2022-23
200765,G,2022-23
399,C,2022-23
201565,G,2022-23
147,G-F,2022-23
990,F,2022-23
78016,F,2022-23
78017,G,2022-23
78018,F,2022-23
78019,,2022-23
78020,F,2022-23
2624,G-F,2022-23
203082,G-F,2022-23
78021,F,2022-23
78022,F,2022-23
78023,C,2022-23
78024,G,2022-23
78025,F,2022-23
78026,F,2022-23
78027,F,2022-23
78028,F,2022-23
1642050,F,2022-23
78029,C,2022-23
78030,F,2022-23
78031,F,2022-23
200750,G,2022-23
140,F,2022-23
78033,G,2022-23
32,C-F,2022-23
1626179,G,2022-23
201937,G,2022-23
2462,F-C,2022-23
78035,G,2022-23
78036,F,2022-23
204014,F,2022-23
78037,F,2022-23
1913,F-C,2022-23
460,G,2022-23
78039,C,2022-23
78040,F,2022-23
78041,C,2022-23
78042,C,2022-23
78043,G,2022-23
1641712,G-F,2022-23
474,F,2022-23
201575,G-F,2022-23
2416,G,2022-23
78049,C,2022-23
935,G-F,2022-23
78047,F,2022-23
78045,F,2022-23
1626156,G,2022-23
78046,G,2022-23
78048,G,2022-23
201041,G,2022-23
1642504,G,2022-23
1630346,F,2022-23
717,C,2022-23
1627734,F-C,2022-23
203135,C,2022-23
78050,C,2022-23
78051,G,2022-23
1642275,F,2022-23
927,C-F,2022-23
1642282,G,2022-23
2422,F-G,2022-23
1089,C,2022-23
2066,C,2022-23
1629677,F,2022-23
200798,C,2022-23
1629102,G,2022-23
203960,F,2022-23
2441,F-C,2022-23
78055,C,2022-23
202396,C,2022-23
1631257,F,2022-23
2143,G,2022-23
78057,F,2022-23
1874,F,2022-23
1642920,G,2022-23
202336,C,2022-23
2684,G-F,2022-23
78059,F,2022-23
78060,F,2022-23
1642362,F,2022-23
1641766,F,2022-23
2091,C,2022-23
78061,F,2022-23
1630611,F,2022-23
78062,F,2022-23
1642879,G,2022-23
203967,F-C,2022-23
1642259,C,2022-23
1630846,C,2022-23
987,F,2022-23
2219,G,2022-23
1631204,G,2022-23
203107,G,2022-23
2261,G,2022-23
78063,G,2022-23
78064,F,2022-23
78065,F,2022-23
1643563,G,2022-23
78066,F,2022-23
2453,G,2022-23
78067,F,2022-23
2243,F,2022-23
2637,G,2022-23
78068,F,2022-23
78069,G,2022-23
78070,F,2022-23
78071,G,2022-23
78072,G,2022-23
1630648,G,2022-23
78073,F,2022-23
78074,F,2022-23
78075,F,2022-23
7,C,2022-23
78076,F,2022-23
78078,G,2022-23
88,C,2022-23
78080,C,2022-23
1631248,G,2022-23
78081,G,2022-23
101195,C,2022-23
78082,C,2022-23
368,C,2022-23
78084,C,2022-23
78085,,2022-23
78086,F,2022-23
78087,F,2022-23
1629678,F,2022-23
78088,F,2022-23
78089,C,2022-23
96,F,2022-23
203471,G,2022-23
78091,F,2022-23
78092,F,2022-23
78093,G,2022-23
2449,F,2022-23
78094,G,2022-23
78095,F,2022-23
1064,F-C,2022-23
2,G,2022-23
78097,G,2022-23
192,F,2022-23
1109,F,2022-23
203118,F,2022-23
78100,F,2022-23
1035,C,2022-23
1630286,F,2022-23
1630206,G,2022-23
78102,F,2022-23
1631220,G,2022-23
78103,F,2022-23
1578,G,2022-23
907,G-F,2022-23
78105,F,2022-23
78106,F,2022-23
1641813,G,2022-23
78107,G,2022-23
200757,F-G,2022-23
938,C,2022-23
78109,F,2022-23
202729,G,2022-23
1627782,G-F,2022-23
78110,F,2022-23
78111,F,2022-23
78112,G,2022-23
78113,G,2022-23
78114,G,2022-23
200754,C,2022-23
78115,G,2022-23
1630578,C,2022-23
1641729,F,2022-23
202338,F-C,2022-23
1738,F,2022-23
201196,G,2022-23
78116,G,2022-23
1629012,G,2022-23
78117,G,2022-23
78118,G,2022-23
1593,C,2022-23
78120,G,2022-23
78121,F,2022-23
201203,G,2022-23
1629013,G,2022-23
1539,G,2022-23
78123,G,2022-23
78124,G,2022-23
1630545,G-F,2022-23
78125,C,2022-23
78126,G,2022-23
1643567,G,2022-23
1630549,C,2022-23
1631101,G,2022-23
201594,F,2022-23
1117,C,2022-23
78128,F,2022-23
216,G,2022-23
1745,C,2022-23
1629621,G-F,2022-23
78130,F,2022-23
1642347,G,2022-23
78131,F,2022-23
78132,F,2022-23
78133,F,2022-23
203129,F,2022-23
1641767,G,2022-23
1852,G,2022-23
1642263,G,2022-23
78135,F,2022-23
78136,G,2022-23
78653,G,2022-23
2321,F,2022-23
78138,F,2022-23
78139,F,2022-23
78140,F,2022-23
78141,G,2022-23
78142,G,2022-23
1642917,G,2022-23
78143,F,2022-23
202697,G,2022-23
203144,G,2022-23
1627783,F,2022-23
1626296,G,2022-23
78144,F,2022-23
78145,G,2022-23
78146,G,2022-23
78147,G,2022-23
78148,,2022-23
78149,C,2022-23
78150,G,2022-23
78151,F,2022-23
202918,G,2022-23
202081,C,2022-23
78152,F,2022-23
1629735,F,2022-23
101134,F,2022-23
1627732,G-F,2022-23
2250,F,2022-23
200759,F,2022-23
78153,C,2022-23
78154,G,2022-23
203613,F,2022-23
1628424,G,2022-23
1489,F,2022-23
1750,G,2022-23
1630250,C,2022-23
1629014,G,2022-23
54,C-F,2022-23
202067,F,2022-23
1642354,G,2022-23
78157,G,2022-23
1630285,G,2022-23
1591,G,2022-23
78160,F,2022-23
201235,C,2022-23
78159,F,2022-23
203156,C-F,2022-23
1631301,G,2022-23
1630579,C,2022-23
78161,G,2022-23
202713,F,2022-23
201606,G,2022-23
202698,F,2022-23
101189,F,2022-23
78162,F,2022-23
78163,G,2022-23
1629686,F-G,2022-23
78164,F,2022-23
203491,G,2022-23
1631376,C,2022-23
101,G,2022-23
78167,G,2022-23
1730,F-C,2022-23
78168,F,2022-23
78169,G,2022-23
78170,F,2022-23
1073,F,2022-23
78171,C,2022-23
78172,G,2022-23
1641771,F,2022-23
2447,G,2022-23
202388,G,2022-23
78173,G,2022-23
101166,F,2022-23
78174,G,2022-23
1629346,F,2022-23
1642914,G,2022-23
1630606,G,2022-23
78175,G,2022-23
203935,G,2022-23
78176,G,2022-23
78177,G,2022-23
78178,G,2022-23
78207,C,2022-23
78209,F,2022-23
78202,F,2022-23
78203,G,2022-23
1643552,G,2022-23
293,F,2022-23
1520,G,2022-23
78179,F,2022-23
1814,G,2022-23
203147,G,2022-23
78181,F,2022-23
200783,F,2022-23
78182,F,2022-23
78183,G,2022-23
78184,G,2022-23
78185,F,2022-23
2764,G,2022-23
475,F,2022-23
1630696,G,2022-23
78187,F,2022-23
78188,C,2022-23
78189,C,2022-23
78190,F,2022-23
202962,C,2022-23
202397,G,2022-23
2747,G,2022-23
2074,C,2022-23
1630188,F-C,2022-23
201160,F-C,2022-23
202536,G,2022-23
78191,F,2022-23
693,F-C,2022-23
2746,F,2022-23
78192,G,2022-23
181,G,2022-23
78194,F,2022-23
78195,F,2022-23
1910,F,2022-23
1641869,G,2022-23
63,F,2022-23
78197,G,2022-23
2065,F,2022-23
202701,G,2022-23
78198,F,2022-23
78199,G,2022-23
78200,G,2022-23
78201,F,2022-23
78204,G,2022-23
203893,G,2022-23
78205,F,2022-23
120,G-F,2022-23
200848,F,2022-23
1478,G,2022-23
1631173,G,2022-23
2604,F,2022-23
1642449,F,2022-23
380,G,2022-23
1641890,F,2022-23
78208,G,2022-23
1629015,G,2022-23
1628372,G,2022-23
1631095,F,2022-23
1641733,G,2022-23
22,C,2022-23
1091,C,2022-23
78212,F,2022-23
1630270,F,2022-23
203503,G,2022-23
727,G,2022-23
78213,G,2022-23
2745,F-G,2022-23
78214,G,2022-23
78215,G,2022-23
78216,G,2022-23
1631110,F,2022-23
78217,C,2022-23
2226,G,2022-23
78219,G,2022-23
2443,F,2022-23
1642850,C,2022-23
78220,F,2022-23
203480,F,2022-23
78221,F,2022-23
2776,F,2022-23
1629034,F,2022-23
78222,G,2022-23
2779,G,2022-23
78223,F,2022-23
600009,G,2022-23
78225,F,2022-23
78226,F,2022-23
201578,F-C,2022-23
1629016,F,2022-23
78227,F,2022-23
1642285,G,2022-23
771,C,2022-23
280,C,2022-23
1630311,G,2022-23
78230,F,2022-23
78231,C,2022-23
201168,C-F,2022-23
78232,C,2022-23
84,G,2022-23
78233,F,2022-23
1630531,G,2022-23
78234,C,2022-23
78235,F,2022-23
1756,F,2022-23
711,F,2022-23
78237,G,2022-23
78238,F,2022-23
78239,F,2022-23
78240,F,2022-23
1630199,G,2022-23
78241,G,2022-23
317,G,2022-23
78243,G,2022-23
203917,G,2022-23
78244,F,2022-23
78245,G,2022-23
1099,F,2022-23
1643419,F,2022-23
1735,C,2022-23
203474,G-F,2022-23
78247,G,2022-23
78249,G,2022-23
1086,F,2022-23
202362,F,2022-23
1627293,F,2022-23
78250,G,2022-23
78251,G,2022-23
1641815,G,2022-23
1630205,F,2022-23
78252,F,2022-23
2052,F-G,2022-23
1630597,G,2022-23
78253,F,2022-23
1630191,F-C,2022-23
1529,F,2022-23
1125,F,2022-23
1565,C,2022-23
78256,F,2022-23
201880,C,2022-23
78257,C,2022-23
1642892,G,2022-23
179,G,2022-23
78259,G,2022-23
78260,F,2022-23
78261,F,2022-23
204065,G,2022-23
304,G,2022-23
978,F,2022-23
1055,C,2022-23
78264,F,2022-23
203950,F-C,2022-23
600016,F,2022-23
78266,G,2022-23
1627754,C,2022-23
202933,G,2022-23
2852,F-G,2022-23
757,G,2022-23
101136,G,2022-23
2405,F-C,2022-23
78267,F,2022-23
201199,G,2022-23
78268,C,2022-23
1631124,G,2022-23
78269,F,2022-23
1065,G,2022-23
1110,F,2022-23
393,G,2022-23
78270,F,2022-23
78271,F,2022-23
400,F,2022-23
78273,G,2022-23
78274,F,2022-23
1629622,G-F,2022-23
201155,G,2022-23
78275,F,2022-23
78276,G,2022-23
1630591,G,2022-23
78277,C,2022-23
203096,C-F,2022-23
201969,F,2022-23
1628410,G,2022-23
78654,F,2022-23
201180,G,2022-23
78278,G,2022-23
1743,C,2022-23
78279,G,2022-23
682,G,2022-23
78280,F,2022-23
78281,G,2022-23
357,G,2022-23
78283,F,2022-23
1643517,F,2022-23
1628403,F,2022-23
78284,F,2022-23
78285,F,2022-23
2552,F,2022-23
1631306,F,2022-23
2741,C,2022-23
2031,F-C,2022-23
78286,F,2022-23
1628591,G,2022-23
202377,F-G,2022-23
78287,G,2022-23
1626208,G,2022-23
1132,F,2022-23
1136,C,2022-23
1887,G-F,2022-23
440,C,2022-23
2657,G,2022-23
101147,F,2022-23
78291,G,2022-23
1434,C-F,2022-23
78293,F,2022-23
1630256,F,2022-23
78294,G,2022-23
1628369,F-G,2022-23
204002,C,2022-23
78295,G,2022-23
78296,G,2022-23
101182,G,2022-23
78298,G,2022-23
1627819,G,2022-23
78297,F,2022-23
78299,G,2022-23
203106,F,2022-23
201966,G,2022-23
1511,F,2022-23
78301,F,2022-23
1508,F,2022-23
201446,G,2022-23
78302,G,2022-23
1630678,F,2022-23
203116,G,2022-23
78303,G,2022-23
78304,G,2022-23
201952,G,2022-23
203104,G,2022-23
203141,F,2022-23
2742,G,2022-23
1643141,G,2022-23
202066,G-F,2022-23
1628462,G,2022-23
78305,F,2022-23
1629123,G,2022-23
78307,G,2022-23
78306,G,2022-23
78308,G,2022-23
1631207,F,2022-23
1629150,F,2022-23
1891,G,2022-23
1630179,G,2022-23
1630257,C,2022-23
201934,C,2022-23
78309,G,2022-23
1628464,F-C,2022-23
78310,G,2022-23
78311,F,2022-23
78312,F,2022-23
1642876,G,2022-23
78313,G,2022-23
78314,F,2022-23
203519,G-F,2022-23
2873,G,2022-23
1630271,G,2022-23
1630560,G,2022-23
1063,G,2022-23
78316,G,2022-23
2041,C,2022-23
78317,F,2022-23
202738,G,2022-23
78318,G,2022-23
1975,F,2022-23
2839,F,2022-23
78320,G,2022-23
78321,F,2022-23
1519,C,2022-23
1903,F,2022-23
1629017,G,2022-23
703,C-F,2022-23
202498,F,2022-23
202952,F,2022-23
1629744,G,2022-23
1643509,G,2022-23
78322,F,2022-23
1501,F,2022-23
200748,F,2022-23
202717,F,2022-23
1641708,G-F,2022-23
1641709,G-F,2022-23
78323,G,2022-23
1631,F,2022-23
240,G,2022-23
78325,F,2022-23
78326,G,2022-23
101159,G-F,2022-23
1630679,G,2022-23
78327,G,2022-23
203138,G-F,2022-23
201574,F-C,2022-23
78328,F,2022-23
78329,C,2022-23
202691,G,2022-23
78,C-F,2022-23
78331,C,2022-23
202814,F,2022-23
78332,G,2022-23
78333,F,2022-23
202684,C-F,2022-23
1630550,F,2022-23
78335,G,2022-23
201154,F,2022-23
738,F,2022-23
1643570,G,2022-23
201977,F-G,2022-23
1628414,G,2022-23
901,C-F,2022-23
9,G,2022-23
600001,C,2022-23
78340,G,2022-23
1629680,G-F,2022-23
78341,,2022-23
78342,G,2022-23
1629681,F-C,2022-23
78343,C,2022-23
1630214,F,2022-23
1631166,F,2022-23
78344,F,2022-23
2224,G,2022-23
47,F,2022-23
1627861,C,2022-23
1630225,F,2022-23
78346,F,2022-23
78348,F,2022-23
78347,F,2022-23
201229,F,2022-23
78349,F,2022-23
78350,F,2022-23
1641772,F,2022-23
78351,G,2022-23
78352,G,2022-23
1642910,G,2022-23
78353,G,2022-23
342,F,2022-23
78355,C,2022-23
78356,F,2022-23
1642260,G,2022-23
1631210,F,2022-23
1630167,F,2022-23
78357,F,2022-23
78358,C,2022-23
2351,G-F,2022-23
1629308,F,2022-23
78359,G,2022-23
78360,G,2022-23
1626253,G-F,2022-23
78361,G,2022-23
700,C,2022-23
78363,C,2022-23
78364,F,2022-23
1626157,C-F,2022-23
78365,G,2022-23
1642422,F,2022-23
1642849,G,2022-23
78366,F,2022-23
78367,F,2022-23
1631247,F,2022-23
1714,F-C,2022-23
718,F,2022-23
1629018,G,2022-23
2244,G,2022-23
78651,F,2022-23
1629019,G,2022-23
78368,G,2022-23
78369,F,2022-23
2456,C,2022-23
2054,C,2022-23
78370,F,2022-23
1631131,F-C,2022-23
78371,F,2022-23
2401,F,2022-23
78372,F,2022-23
201169,F,2022-23
141,F,2022-23
78374,F,2022-23
200782,F,2022-23
1629730,G,2022-23
78375,G,2022-23
101142,C,2022-23
1726,F,2022-23
2045,F,2022-23
78377,G,2022-23
78385,F,2022-23
78378,G,2022-23
202323,G-F,2022-23
78379,G,2022-23
78380,G,2022-23
78382,G,2022-23
78381,F,2022-23
1819,F,2022-23
1626167,C-F,2022-23
1943,G,2022-23
78386,C,2022-23
78387,G,2022-23
78388,F,2022-23
189,G,2022-23
202719,F,2022-23
78390,F,2022-23
78391,C,2022-23
1641816,F,2022-23
1642281,G-F,2022-23
202775,F-G,2022-23
202327,C-F,2022-23
2137,G-F,2022-23
2757,G,2022-23
101146,G,2022-23
1627755,G,2022-23
1630649,G,2022-23
78392,C,2022-23
78393,G,2022-23
78394,G,2022-23
1627784,F,2022-23
202386,G,2022-23
201987,G-F,2022-23
202685,C,2022-23
78395,G,2022-23
1627756,G,2022-23
78396,F,2022-23
78397,G,2022-23
78398,G,2022-23
78399,F,2022-23
78401,G-F,2022-23
78400,F,2022-23
89,G,2022-23
1496,F,2022-23
78406,G,2022-23
1627832,G,2022-23
78402,G,2022-23
78403,F,2022-23
1629020,F,2022-23
78405,F,2022-23
78404,F,2022-23
78407,C,2022-23
2128,G,2022-23
2237,C,2022-23
2760,F,2022-23
202363,F-C,2022-23
202349,G,2022-23
1630170,G-F,2022-23
78409,G,2022-23
710,F,2022-23
1521,G,2022-23
1626173,G,2022-23
78411,F,2022-23
919,F-C,2022-23
1643539,C,2022-23
78413,G,2022-23
78414,F,2022-23
202686,F,2022-23
78415,F,2022-23
1628426,F,2022-23
78416,F,2022-23
1630492,G,2022-23
101111,F,2022-23
1629216,G,2022-23
78418,F,2022-23
78417,G,2022-23
200790,F,2022-23
1844,G,2022-23
78419,F,2022-23
78420,,2022-23
78421,C,2022-23
78422,,2022-23
203943,F,2022-23
2063,C,2022-23
78423,F,2022-23
2582,C,2022-23
1037,C,2022-23
78425,C,2022-23
2761,F-C,2022-23
2756,G,2022-23
1641774,F,2022-23
202696,C,2022-23
1629731,F-C,2022-23
2548,G,2022-23
78426,G,2022-23
101144,G,2022-23
78427,C,2022-23
1643413,G,2022-23
2402,G,2022-23
78428,G,2022-23
1630532,F,2022-23
78429,G,2022-23
1629021,F-C,2022-23
1630688,F,2022-23
203079,G,2022-23
78430,C,2022-23
78431,G,2022-23
78432,C,2022-23
78433,G,2022-23
952,F,2022-23
78434,F,2022-23
78435,F,2022-23
78437,G,2022-23
78436,G,2022-23
201611,F,2022-23
78438,F,2022-23
1631133,F,2022-23
1641716,F,2022-23
78439,G,2022-23
202689,G,2022-23
78440,F,2022-23
1630640,G,2022-23
78441,G,2022-23
955,F,2022-23
78442,F,2022-23
1629022,G-F,2022-23
202322,G,2022-23
1112,F-C,2022-23
1641717,G,2022-23
2222,F,2022-23
961,F,2022-23
1630811,G,2022-23
78443,,2022-23
739,F-C,2022-23
1627820,G,2022-23
78444,F,2022-23
78445,F,2022-23
78446,F,2022-23
1641775,G,2022-23
101190,G-F,2022-23
1642266,G,2022-23
777,G,2022-23
78447,G,2022-23
78448,G,2022-23
78450,C,2022-23
78449,G,2022-23
2575,F,2022-23
1628476,G,2022-23
202954,G,2022-23
78453,G,2022-23
78454,G,2022-23
369,G,2022-23
78455,G,2022-23
78456,G,2022-23
203810,G,2022-23
78457,F,2022-23
1642276,C,2022-23
78458,F,2022-23
78459,G,2022-23
78460,F,2022-23
1627866,F,2022-23
78461,G,2022-23
203933,F,2022-23
202378,G,2022-23
78462,G,2022-23
101124,F,2022-23
78463,C,2022-23
1627395,F-G,2022-23
78469,G,2022-23
200827,G,2022-23
78464,G,2022-23
78465,G,2022-23
1540,F-G,2022-23
78466,F,2022-23
78467,F,2022-23
1629023,F,2022-23
78468,F,2022-23
78470,G,2022-23
78471,F,2022-23
1630613,G,2022-23
1631102,G,2022-23
1629139,G-F,2022-23
1629682,G,2022-23
1630322,F,2022-23
1630570,G-F,2022-23
201208,C,2022-23
1642364,F,2022-23
1641817,F,2022-23
201228,G,2022-23
2248,G,2022-23
320,F,2022-23
1628778,G,2022-23
1631212,G,2022-23
78474,F,2022-23
78473,G,2022-23
203146,G,2022-23
204033,F,2022-23
204037,F,2022-23
221,F,2022-23
78475,F,2022-23
1629683,G,2022-23
201602,G,2022-23
78477,G,2022-23
78478,F,2022-23
892,G,2022-23
1627821,F,2022-23
185,C-F,2022-23
1627362,G,2022-23
78479,,2022-23
1067,F,2022-23
101110,F-G,2022-23
78481,C,2022-23
78482,F,2022-23
201603,F,2022-23
78483,F,2022-23
78484,F,2022-23
78485,G,2022-23
78486,G,2022-23
1719,G-F,2022-23
1528,F,2022-23
1642377,F,2022-23
78488,F,2022-23
78489,G,2022-23
1846,C,2022-23
2412,F,2022-23
1629118,C,2022-23
1641705,F-C,2022-23
82,C,2022-23
78492,C,2022-23
438,C,2022-23
78494,G,2022-23
1631104,G,2022-23
133,G,2022-23
78495,C,2022-23
2561,F,2022-23
2753,G,2022-23
28,G-F,2022-23
78497,G,2022-23
201238,G,2022-23
770,C,2022-23
78499,G,2022-23
201566,G,2022-23
78500,G,2022-23
78501,G,2022-23
101156,C,2022-23
941,G,2022-23
1545,G,2022-23
78504,G,2022-23
1630762,F,2022-23
1755,G,2022-23
78506,G,2022-23
1629632,G,2022-23
201591,F,2022-23
1628401,G,2022-23
78507,F,2022-23
78508,G,2022-23
78509,G,2022-23
1631298,F,2022-23
1751,C-F,2022-23
200778,G-F,2022-23
78510,G,2022-23
1627855,F,2022-23
1839,F,2022-23
2206,F,2022-23
78512,F,2022-23
203091,F,2022-23
78513,G,2022-23
202358,G,2022-23
78514,G,2022-23
78515,G,2022-23
1628510,F,2022-23
1641727,G-F,2022-23
1627785,G,2022-23
78516,C,2022-23
1126,G,2022-23
202355,C,2022-23
730,F,2022-23
1641715,F,2022-23
78519,F,2022-23
43,G,2022-23
204222,F,2022-23
203963,F-C,2022-23
78520,F,2022-23
78521,G,2022-23
78522,F,2022-23
1630580,G-F,2022-23
1630598,G,2022-23
203952,F,2022-23
78523,G,2022-23
1629623,G,2022-23
78524,F,2022-23
203912,G,2022-23
2404,F-C,2022-23
78525,G,2022-23
78526,C,2022-23
1628451,F,2022-23
78527,F,2022-23
78528,G,2022-23
78529,G,2022-23
78530,G,2022-23
78531,G,2022-23
78532,F,2022-23
78533,F,2022-23
2863,G-F,2022-23
1122,F,2022-23
78534,C,2022-23
786,G-F,2022-23
78537,C,2022-23
78538,F,2022-23
2366,G,2022-23
1425,C-F,2022-23
1626210,F-C,2022-23
1631214,G,2022-23
1541,G,2022-23
1642873,F-C,2022-23
78539,G,2022-23
78540,G,2022-23
78564,F,2022-23
1585,F,2022-23
1630314,G,2022-23
433,F,2022-23
203710,G,2022-23
78547,G,2022-23
78541,G,2022-23
78543,G,2022-23
1642262,F,2022-23
200603,G,2022-23
101114,G,2022-23
202682,F,2022-23
78545,G,2022-23
1631495,G,2022-23
78546,C,2022-23
202343,G,2022-23
677,F,2022-23
2421,G,2022-23
78548,G,2022-23
1629684,F,2022-23
78549,G,2022-23
78550,F,2022-23
1006,C,2022-23
73,C,2022-23
1631114,G-F,2022-23
1715,G,2022-23
101214,F,2022-23
2398,G,2022-23
1631119,F,2022-23
420,C-F,2022-23
966,F-C,2022-23
78554,F,2022-23
1629140,F,2022-23
202716,C,2022-23
200818,F,2022-23
78555,F,2022-23
1629026,G-F,2022-23
78556,G,2022-23
31,C-F,2022-23
101150,G,2022-23
1642013,C,2022-23
200766,G,2022-23
201173,G,2022-23
1631109,C,2022-23
101107,F,2022-23
52,G,2022-23
78558,G,2022-23
78560,G,2022-23
2590,G,2022-23
42,F,2022-23
78561,G,2022-23
1631466,G,2022-23
1630172,F,2022-23
78566,F,2022-23
78571,G,2022-23
199,F-G,2022-23
202130,F,2022-23
78563,G,2022-23
78565,G,2022-23
78567,G,2022-23
78568,G,2022-23
78569,F,2022-23
281,C-F,2022-23
201157,F-C,2022-23
1742,G,2022-23
200761,F,2022-23
200749,C-F,2022-23
78570,F,2022-23
201944,G-F,2022-23
1576,F,2022-23
1627786,F,2022-23
1005,F-G,2022-23
78573,F,2022-23
78574,F,2022-23
1630533,F,2022-23
1629057,C-F,2022-23
1628475,G,2022-23
1631246,G,2022-23
1628430,G,2022-23
722,F,2022-23
78575,G,2022-23
1631351,G,2022-23
1629627,F,2022-23
788,C-F,2022-23
78577,F,2022-23
2000,G,2022-23
78586,G,2022-23
78585,G,2022-23
1643410,F,2022-23
1628391,F,2022-23
78579,C,2022-23
78580,G,2022-23
1630592,F,2022-23
203966,F,2022-23
78581,G,2022-23
78582,F,2022-23
78578,G,2022-23
78583,G,2022-23
78584,G,2022-23
78587,G,2022-23
1027,F,2022-23
1627787,F,2022-23
78589,F,2022-23
78590,G,2022-23
1629685,G-F,2022-23
78591,F,2022-23
78592,G,2022-23
766,G-F,2022-23
112,F,2022-23
78596,F,2022-23
78597,G,2022-23
1626159,F-G,2022-23
1984,F,2022-23
1630216,G,2022-23
1868,C,2022-23
78600,G,2022-23
78601,F,2022-23
78602,F,2022-23
1630164,C,2022-23
203481,C,2022-23
78603,C,2022-23
1456,G,2022-23
78605,G,2022-23
78606,G,2022-23
1642874,F,2022-23
341,C-F,2022-23
2106,F,2022-23
203489,G,2022-23
1631209,G,2022-23
78610,G,2022-23
78612,G,2022-23
1626174,F,2022-23
116,F,2022-23
78609,F,2022-23
78611,G,2022-23
1630218,F,2022-23
2254,C,2022-23
2417,F-G,2022-23
1010,G,2022-23
78614,G,2022-23
78615,F,2022-23
1629624,F,2022-23
906,G,2022-23
78616,C,2022-23
78617,F,2022-23
1897,F,2022-23
78618,G,2022-23
1460,F,2022-23
101120,F-G,2022-23
101152,G,2022-23
78620,F,2022-23
201148,F,2022-23
202874,F,2022-23
203203,G,2022-23
1626153,G,2022-23
2748,F-G,2022-23
78621,F,2022-23
78622,F,2022-23
201153,F,2022-23
78623,G,2022-23
953,F-C,2022-23
1007,C,2022-23
1630589,F,2022-23
412,C,2022-23
1630593,G,2022-23
1629625,G,2022-23
203100,G,2022-23
78627,G,2022-23
1627824,F,2022-23
1642905,C,2022-23
2397,C,2022-23
2428,F,2022-23
78628,F,2022-23
78629,F,2022-23
78630,C,2022-23
78631,G,2022-23
201146,F,2022-23
78632,F,2022-23
1628221,G,2022-23
78633,G,2022-23
1642443,G,2022-23
203923,G-F,2022-23
1626202,G,2022-23
1748,F,2022-23
78634,G,2022-23
201156,G-F,2022-23
78635,G,2022-23
201970,F-G,2022-23
201152,F,2022-23
1937,C,2022-23
1629027,G,2022-23
1642959,G,2022-23
1630209,C,2022-23
78638,G,2022-23
78639,F,2022-23
203469,F-C,2022-23
78640,G,2022-23
78641,G,2022-23
78642,C,2022-23
202545,F-C,2022-23
203092,F-C,2022-23
78643,F,2022-23
78644,F,2022-23
1917,C,2022-23
678,C,2022-23
1642911,C,2022-23
2583,G,2022-23
1627757,C,2022-23
1627835,F,2022-23
1627790,C,2022-23
78647,C,2022-23
78648,G,2022-23
1627826,C,2022-23
78650,G,2022-23
1641783,F,2022-23
1628427,F,2022-23
